Id,Name,Gender,Age,Birthdate,Address
8ef57bdc-50ab-41c9-8cc8-c660bf605e62,윤지안,Male,28,1996-02-01,대전 중구 46로 85
9af02614-8dc7-4d45-bf89-533b61908012,권하준,Female,22,2002-08-09,서울 강남구 32길 31
8080618e-e4e3-4bcd-b0f8-dcf9298edb08,김서윤,Male,13,2011-03-31,인천 부평구 57길 45
f34ba638-1c68-4991-b705-b59efaf13969,한건우,Male,14,2010-10-24,서울 동작구 37길 44
5437ec72-770b-4a89-ba7f-76eeef4b386b,강주원,Male,22,2002-11-29,서울 강남구 65로 47
11477f0b-78d4-4d87-8297-a0c637ddd114,장연우,Male,19,2005-01-28,서울 동작구 40길 50
5faac36a-7d17-4773-8d26-06c88575253d,장지훈,Female,19,2005-10-01,서울 송파구 13로 61
3f13982e-7c89-48f8-b72b-8adf114f98e4,임지안,Male,20,2004-01-13,부산 해운대구 77로 24
113ecdf7-e9d3-405a-9592-9c1ccdd7940c,김연우,Male,50,1974-01-16,인천 부평구 11길 8
dc549b23-5f61-4e81-9674-e4df505128d2,서건우,Female,38,1986-11-04,대구 달서구 43길 12
5d6cd5aa-983e-49e2-9046-bd6380838f0f,한서아,Female,38,1986-06-04,대구 달서구 84길 75
f3e6d8b2-055c-4481-bc96-3698f2c9de6e,오은서,Male,10,2014-08-01,인천 부평구 6길 45
bfe40c0e-2286-485b-8914-b91ebbc4e0d0,이서진,Female,28,1996-07-24,대구 달서구 11로 35
abfb31a8-1c0f-4914-af38-368b86dada14,김윤서,Male,25,1999-09-30,부산 해운대구 22로 52
9dc95e7b-5ca5-48f4-99fd-eae1d79384da,한연우,Female,20,2004-02-09,서울 송파구 47로 83
f0325578-2360-43f8-b818-77983eef23e0,김다은,Female,22,2002-10-18,대전 중구 28로 60
9836f143-4e4f-43d2-a369-de75664c6c03,오은서,Male,28,1996-11-29,서울 강남구 37길 79
51abfa43-2019-40ce-a0b6-0fcffad01f43,정하준,Female,50,1974-11-27,대전 중구 74길 76
a30d5963-0353-4042-b896-935a1612d0fe,조민서,Male,46,1978-12-25,부산 해운대구 69길 17
419e54b1-a1bb-4440-8653-14b45fe2b40a,강시우,Female,21,2003-05-22,부산 수영구 88길 86
396e84a1-d8d4-45c0-854f-2dd1d10f41ed,한지우,Female,54,1970-10-04,인천 부평구 26길 81
ad8a4dc4-3f70-460d-8091-422609a199bf,임민서,Female,23,2001-12-12,부산 수영구 80로 30
90b1aaf2-d928-4d35-892e-c6a22361b787,신다은,Male,33,1991-08-10,대구 달서구 79길 48
2f2039af-a0ee-4140-a603-acbb5566cbb6,한선우,Female,14,2010-10-02,서울 동작구 19로 49
76b54c89-03f2-4d29-b239-cec7fe4f6aa2,김서윤,Male,15,2009-02-09,대구 달서구 49로 7
1985071b-cd8a-4233-9bc5-d899790841b7,정선우,Female,15,2009-01-23,대구 달서구 3로 54
04281bbd-f6b0-4a12-8702-349077746bae,정서연,Female,17,2007-05-18,대구 달서구 52로 87
893ded5d-5a87-4c93-9867-7cc54c3db02c,장은서,Male,25,1999-12-26,대구 달서구 15로 71
a9dbbb7a-4c72-4d88-beea-8cc9050fa3dd,김지호,Female,33,1991-09-15,인천 부평구 61길 14
a57ec35b-bec7-40ee-b137-5ea252b65e6c,조예은,Male,38,1986-08-29,서울 동작구 37로 68
88ee9971-41e2-4ac1-b16c-686c8e41f7d3,임도윤,Male,41,1983-07-06,인천 연수구 87로 2
fe8adcab-205b-47bb-a95c-0df237f5fec6,박도현,Male,25,1999-03-25,부산 해운대구 46로 82
c3aeba36-674b-4254-821f-566c19b450a8,장연우,Male,31,1993-10-14,대전 중구 53길 26
157a7456-e982-4be0-b8d2-4d133c0d0658,이지호,Male,22,2002-06-22,서울 송파구 21로 64
7cab8648-f97b-40b0-bb94-a68376ba7439,장유준,Male,30,1994-05-18,부산 수영구 74로 37
3770708c-8912-4770-9fcd-8f07b6fa7189,조우진,Male,35,1989-08-10,부산 해운대구 69길 35
e8aeea68-5324-429d-b4c7-1351c6a40f8f,권시우,Female,43,1981-10-16,대구 달서구 42길 80
7033abec-9509-4c8b-84df-ea3145b7b981,강하은,Male,18,2006-07-30,부산 수영구 24길 66
f0f9c399-6687-4129-b03f-9b38f9090afd,박서준,Male,34,1990-05-28,부산 해운대구 40길 55
5c92342b-77bc-4503-aa2b-2ae806de9ac6,서서준,Female,25,1999-05-26,대전 중구 46길 74
4ccbabff-054a-47b3-b348-637d91738040,윤서아,Male,50,1974-07-08,대구 달서구 40로 21
f0e95dfd-874c-494c-bd6a-0468956cd727,권하준,Male,33,1991-10-26,대구 달서구 50길 38
43ec6512-767f-4842-bd3d-7bc3aab3bb17,오연우,Female,28,1996-01-31,대구 달서구 6로 77
1777ef96-ce2c-4786-9a99-4f8b0dafaa8b,한채원,Female,23,2001-10-23,인천 연수구 17길 29
a0ba1f60-2789-4044-a255-cdc819eca035,신수아,Male,29,1995-02-23,부산 수영구 40로 63
c2f9427c-103b-47cc-98db-6ea70fbbfc5a,윤현우,Male,19,2005-11-13,서울 동작구 87길 19
c35aab79-2365-4f32-83ac-6d29512199ff,오하준,Female,26,1998-08-15,인천 연수구 21로 20
d31066e8-b6ce-46b0-91b4-43d32e23e1e4,김채원,Female,50,1974-04-16,대전 중구 14로 90
cc677af7-09e0-4701-a3a6-f32d5bc45289,김하은,Male,26,1998-01-11,서울 동작구 50길 57
aa7ada68-e244-4b96-a174-7f5747a1effe,정도윤,Female,32,1992-09-02,부산 해운대구 59로 53
322ebeed-7afb-49d5-abdb-65d4be0ced7e,최지안,Male,16,2008-02-17,대전 중구 27길 60
eda8a3aa-aef7-405b-8c44-7effb8a654db,한지훈,Male,25,1999-09-20,인천 부평구 90길 74
250ecff8-13ef-411c-b384-445eeb76ac84,장지후,Female,11,2013-05-15,부산 수영구 83길 25
359f9990-babd-4e8c-9ecc-b4a6aa816eca,서수아,Female,35,1989-09-01,인천 연수구 17길 46
ec80bdb1-e59e-4ed1-bf6d-1ab1c5770337,이수아,Female,44,1980-11-26,부산 수영구 66로 5
74edccde-7214-4517-b9cb-a64aedbdba73,강윤서,Female,14,2010-03-31,대구 달서구 3로 89
d3a33633-e5cc-45a3-94cf-d128fcbcc248,권윤서,Male,16,2008-08-21,대전 중구 73길 28
7b6a12ba-7ba7-4e84-8925-078a2d215786,강지호,Male,38,1986-04-01,부산 해운대구 77로 51
a77e41cf-79b0-4dda-9554-e1bff1d9708d,최민준,Female,41,1983-01-04,인천 부평구 11길 40
94e5b44e-b5e5-453d-879e-e82201c19ac4,서지윤,Female,13,2011-02-17,인천 부평구 3길 6
2fead27c-c09e-40f8-8c34-7aa2d735587c,서지안,Male,16,2008-02-24,대구 달서구 71로 81
1e009e0d-d4f3-400d-a43f-2e88d2f8bce8,윤민준,Male,43,1981-04-19,대전 중구 20길 78
5b3a14c9-df52-42fd-bc07-ceca8997141d,한선우,Male,32,1992-05-06,부산 수영구 27길 4
4e6b8dd2-1c60-4109-b8ad-76872d40d391,신지호,Female,14,2010-06-20,대전 중구 90로 65
0762c6f8-530f-4cdf-8583-0624080f67f0,김지유,Male,44,1980-09-20,부산 수영구 62길 4
5d7f72be-ab4d-492c-bfa4-7ed4bbad3d3e,임주원,Male,21,2003-12-13,대구 달서구 72길 37
e27f0c6e-9c9e-4d7b-bf46-03e10017ad1f,이건우,Female,29,1995-12-27,대구 달서구 50로 64
633c171a-45fe-41a8-b6fd-0fd4e908ee42,조지우,Female,51,1973-10-19,대구 달서구 47로 59
a77e1811-68cd-490f-a720-7badabb575d9,장서연,Female,26,1998-06-23,부산 수영구 60로 9
0d7ba85f-f8a9-40dc-9433-3a99e1dd5508,오하윤,Female,22,2002-08-28,인천 연수구 33길 45
3b9ff8e5-1799-443b-93aa-134fefe0aebc,장다은,Female,33,1991-05-13,서울 동작구 69길 17
c5459ab4-2f34-439a-b859-bd30f9a5331c,강서현,Female,23,2001-04-06,서울 송파구 83길 53
57df938e-16bd-424b-95cb-f7c7c2d93bd2,권지우,Female,33,1991-11-03,대전 중구 48길 23
b320e53c-16ce-4ced-b6a3-f6b14010e6dd,한예은,Female,18,2006-04-18,인천 부평구 43길 47
1a56632b-b146-430a-8ee6-8bb4e46f46d8,조지민,Female,47,1977-09-20,대구 달서구 20로 53
80248a74-ed50-46db-9312-f2c7e6b2b970,최서윤,Female,33,1991-09-22,대구 달서구 48길 3
bf12beb2-f4e9-4649-b5cb-75ecb6b8e4bf,신수아,Male,20,2004-05-11,서울 송파구 17로 77
1e6b21c2-0303-44c6-b723-2977d41a5cb3,조시우,Male,38,1986-08-27,대구 달서구 80로 23
97466233-e036-431b-9c98-7752a54567d9,최선우,Male,36,1988-11-07,부산 수영구 78길 78
132e5bd7-885a-4456-8fe8-4a755fe2d709,신준서,Male,52,1972-12-06,대전 중구 50길 15
8120e8db-3e7b-44a8-8830-6d65da2de760,최현우,Female,39,1985-11-07,부산 해운대구 81길 67
ee5b259c-aa43-4a79-8177-3a30418a2d31,강지민,Female,44,1980-09-11,대전 중구 77로 41
4eed57ce-ecbe-4bec-ad1c-602e5909e355,정지유,Female,10,2014-05-03,부산 수영구 63로 3
64ca3a36-c056-4e15-aca5-34861eef8c7f,신채원,Male,27,1997-03-18,대전 중구 6로 2
b0590bd4-fdd1-4377-99da-f4238b04eadc,윤민준,Female,50,1974-12-27,대구 달서구 29로 62
8e94167b-be2a-4026-a055-e7486fd2b67f,최하윤,Male,20,2004-07-24,대구 달서구 7길 80
a0b6c1b1-1058-4726-9444-338c5aa94cb6,한도윤,Male,52,1972-05-11,서울 동작구 30길 72
586bfe3d-f259-46ac-8a25-f04b2f200b68,윤유준,Male,26,1998-05-27,부산 해운대구 48길 71
5d9ea336-3614-4ca0-82d5-3ca6717210d4,장지후,Male,33,1991-01-13,대전 중구 54로 82
ff363078-af3f-4df3-b138-30cd08a41bdb,최민준,Male,41,1983-05-17,부산 해운대구 45길 88
1238c56a-1a5a-4fd5-b855-463dd098910a,오주원,Female,15,2009-08-13,대구 달서구 25길 85
bc0a02db-2126-419a-a7ff-04cf03e9f38b,윤채원,Female,43,1981-11-18,인천 부평구 22로 2
707afda7-5041-4090-82d5-53c40b1b0b98,오예은,Male,26,1998-11-30,부산 수영구 43길 77
a63ac29f-e428-4cd1-b5b7-9dc4def4d7cb,장서진,Female,11,2013-02-01,대전 중구 90로 13
f3ad6681-d3c7-4faa-84d3-3bc377d66dfa,강지유,Male,26,1998-12-06,서울 동작구 79길 16
6fc3927d-d238-4799-abfa-0505d077da21,장하준,Male,49,1975-01-06,대구 달서구 29길 14
acdb5316-0084-4ec6-9d7d-fd94c74b6bc9,김지훈,Male,46,1978-03-26,부산 수영구 52길 80
64b20dad-409d-4c73-97e1-49c73fe30658,윤유준,Female,40,1984-09-02,대구 달서구 25로 37
25ddd2a8-e40b-4e7d-aa7c-8f9dfdbd55a6,김은서,Male,41,1983-06-08,인천 연수구 43길 82
546789ca-a8d3-4699-90a7-81740a17e0a1,박시우,Female,13,2011-10-22,부산 해운대구 71로 34
09665c48-c323-48bb-9972-680e41ee5889,신윤서,Male,16,2008-05-12,대구 달서구 33로 11
569770e2-e14f-4855-9035-35ad632d6bc6,강지호,Male,29,1995-12-05,대전 중구 53로 38
d50769c4-3977-41b7-aeae-85cc683261ff,박현우,Female,35,1989-09-22,부산 수영구 7길 11
c4679844-2a30-48c4-856c-35afb21e85e6,이지민,Male,26,1998-02-28,서울 동작구 88길 68
a50d688b-6c62-4fef-ac87-a4149b3f8411,윤선우,Female,22,2002-08-13,대구 달서구 22로 79
fe963830-a6df-4ddc-b816-aa8d36aac52c,최서윤,Male,18,2006-01-28,인천 연수구 8로 47
469da9df-b0c0-431a-8a14-182f7ee05632,신우진,Male,23,2001-05-01,서울 강남구 14로 83
d7f4d531-c58d-44ce-9a98-595822b3c6ce,윤지훈,Female,40,1984-05-05,인천 연수구 5길 10
9a326a82-d22a-44b5-b328-e67418bab3c6,최서아,Male,52,1972-09-27,인천 부평구 60길 55
dcbc60dd-a9a1-444b-b53a-1161301d9603,최유준,Female,29,1995-02-13,인천 부평구 4로 1
52db7377-0bf1-4233-b903-aeebd328a3a3,박예은,Female,32,1992-11-18,대전 중구 72로 63
6089ce4a-92c9-45d9-9d75-6fb224636b32,김다은,Female,40,1984-06-02,인천 연수구 1길 8
6e710bb1-f39b-494a-810b-67137e1ea149,장수아,Male,32,1992-03-29,대전 중구 66길 71
ea281f00-9fdc-46da-8485-9e59d6ef55c9,정지후,Male,29,1995-10-01,서울 동작구 88길 15
cc873a3f-81cd-4db2-ac20-509a98992028,오지후,Female,21,2003-07-21,인천 연수구 2길 7
90baa9fa-8bca-45e9-a83e-4801fd547505,최지아,Female,48,1976-11-10,인천 부평구 48로 63
0f2f4e2e-e3f6-427f-958b-15a0e9bb1978,임지아,Female,45,1979-01-22,서울 송파구 77길 25
f1a4745a-646f-40a1-b257-e6e19e274fc8,조지민,Female,27,1997-12-27,부산 해운대구 43로 69
69221e80-0a49-4d85-9694-8a9c1859864b,임하윤,Female,20,2004-04-11,대구 달서구 65로 47
2c8091c3-3d15-456b-bd5f-697f7dc38725,김지윤,Female,39,1985-07-06,서울 송파구 6길 76
2ed89c21-1942-4712-9205-cd7e4d302c8f,강서연,Male,26,1998-11-08,인천 연수구 58로 89
fe96430e-5c34-4d5b-9171-9ef37793992b,한선우,Female,36,1988-04-21,부산 해운대구 77로 37
e0a95585-4e85-45d3-a164-695627659dda,한지아,Male,20,2004-11-03,대전 중구 58로 86
0f04ca9a-bf76-401f-8c12-dae739b3ba74,최서준,Female,23,2001-02-21,대전 중구 88로 82
4d6f6c78-1ed8-4a2c-bdbf-2fbe6a51bdc7,이다은,Male,50,1974-06-03,인천 부평구 26길 11
addfdf4b-b343-46ab-a07a-fc4d6e32d0fb,한유준,Male,43,1981-08-27,부산 해운대구 12로 85
3007b6b5-0703-4b6c-ad19-85c9e3c9de41,신서진,Female,46,1978-08-29,대전 중구 12로 13
09bada91-b19a-4dea-b0a9-0499a3b5edc6,윤다은,Male,50,1974-03-22,부산 수영구 16로 64
df480e23-4434-429c-812c-7e80cbea1a32,한서준,Male,29,1995-11-05,서울 송파구 40길 84
58ca08f0-7718-417c-81d9-701073955eb4,장선우,Female,34,1990-07-21,대전 중구 8길 43
cab6e3ce-9259-4e2c-904e-34f6af280370,권지우,Female,49,1975-09-10,서울 강남구 53로 60
dc865eea-d0b2-4d07-9789-9ac196627124,윤지유,Female,44,1980-06-01,부산 해운대구 22길 40
156f7b73-0a53-41eb-b20c-2aa8b54655f1,서수아,Female,29,1995-07-08,대구 달서구 35로 69
1483cafc-ca8e-4c01-a3a9-68879ad00b6d,권다은,Female,28,1996-12-06,대구 달서구 74로 24
8d732e10-265a-4555-8f86-0df134996577,정서현,Female,15,2009-03-09,서울 동작구 84로 41
141a1f11-c438-4404-8d6f-4534c220488c,강하윤,Male,47,1977-12-23,부산 해운대구 64로 69
1a123903-0d6e-4193-8c6f-21b0d2fa0803,서지훈,Male,14,2010-12-28,서울 강남구 13로 24
f549e03e-cb8d-4755-a590-054cfec19ed1,정유준,Male,37,1987-12-26,서울 강남구 49로 76
fcc541df-776e-425e-84a4-f06ee26c7201,이시우,Male,46,1978-05-10,대구 달서구 56길 22
b641a1e9-d6f8-4689-9701-f307ffc5f214,이주원,Male,49,1975-11-03,서울 동작구 13길 32
48c82961-fe6c-46b3-a683-c645af04b217,강도현,Male,53,1971-06-07,부산 해운대구 6길 44
75ff0425-d150-4b80-a170-65d9a091376d,윤서진,Female,46,1978-02-08,대전 중구 68로 4
0444d0e2-65c0-47de-a1c7-2fea82665267,신윤서,Female,33,1991-06-26,대전 중구 40길 48
aef4efd4-0c56-4ddd-8cbf-40772a819c49,정지아,Female,13,2011-10-07,인천 부평구 16로 39
f84165aa-1bfd-40ea-bbab-05eaab6e55a9,오윤서,Female,39,1985-01-01,대전 중구 40길 7
c79204a5-4db2-434b-aee9-0f4b64ea51c0,장지유,Male,33,1991-09-07,서울 동작구 67로 76
c64c4590-3339-47b0-9267-484f78f0f5b4,장시우,Male,29,1995-07-25,대구 달서구 77길 54
e0d0a77b-81ff-4a21-9090-b0ad8daa5a43,권서준,Female,30,1994-05-10,대전 중구 18로 25
3900eff5-590f-4b2d-adf5-6a3e2278e46c,임채원,Female,42,1982-01-20,부산 해운대구 36길 65
b2350235-173a-467b-8655-dc039cde48bf,김수아,Male,50,1974-03-21,대구 달서구 63로 53
a12998ee-70bd-4329-92ba-1f5798690ae8,임도현,Female,47,1977-05-31,인천 연수구 19길 55
ddaae60b-ca72-43b5-9225-aec9e08071ba,윤지아,Male,11,2013-02-03,대전 중구 33로 74
7ad33cf3-f409-4125-ae3d-e5f0bbe49111,이연우,Male,18,2006-06-11,인천 연수구 37길 8
5f7c8f90-1055-46c7-a366-543497b40eae,최현우,Female,42,1982-06-15,대구 달서구 32길 45
9b4e347e-78f0-4b4e-8677-7705f1248374,오수아,Male,14,2010-04-02,서울 강남구 40로 48
86594496-09ef-4721-a73a-4530673d04cb,권선우,Male,40,1984-05-26,부산 해운대구 83길 84
bf317c75-343a-47d2-942d-de6b8f720aed,이유준,Male,53,1971-10-02,대구 달서구 56길 59
b8bcdf0c-d556-4fe5-a241-16978636e922,권준우,Female,38,1986-11-05,대전 중구 90길 16
69512a6b-1fab-471d-86f4-ff9411fa15e0,신수아,Female,21,2003-07-18,부산 해운대구 17로 68
ef2cad9a-d72c-4207-867b-aebe867f3933,김지윤,Female,14,2010-04-20,서울 강남구 38로 68
b94246c7-4b91-4460-a004-add1d394c72e,이채원,Female,10,2014-08-29,대구 달서구 36길 45
e595e687-67d2-446a-b239-e2a3b1818597,강서현,Male,31,1993-09-21,대구 달서구 65길 69
cc5f75d0-8a17-4361-ba5d-c209e99820ef,최지호,Female,21,2003-05-19,인천 부평구 72길 53
2896c343-9709-4ba5-a5e2-8ecbc5ab23fe,김수아,Male,30,1994-04-12,대전 중구 55로 77
3a1a7c57-e346-4b7f-b64e-3b88727aef44,조시우,Male,28,1996-11-08,대전 중구 75로 83
4f4c57be-90b5-433d-a796-089e80f65233,신서준,Female,51,1973-02-10,대전 중구 63로 4
9e53edbf-b93a-4f04-9a9d-8bb29334937c,서서아,Male,25,1999-03-07,대구 달서구 67길 83
7d013705-8711-4c64-8067-a05924882dbd,서주원,Male,47,1977-02-04,부산 해운대구 34로 27
5972746d-07fa-47aa-bc0f-e932b197a6d4,조서진,Female,54,1970-01-31,서울 송파구 1길 77
f3b7567d-870a-45c9-936e-3c61b9049f98,서예은,Female,54,1970-12-21,서울 강남구 90길 76
df470f7f-8b45-405d-8cce-3ec2bfd03357,박지안,Male,26,1998-04-20,인천 연수구 42길 25
d2c2368d-1ffc-4444-9372-be78b91c4159,정현우,Female,51,1973-01-05,서울 송파구 55로 57
5fe3ed3f-d8b2-43a1-a5e5-116319f0e6ac,조서윤,Male,25,1999-04-11,대구 달서구 59로 76
7a79ae63-11ac-4977-a506-8ff20761d7ab,정도윤,Male,48,1976-01-14,서울 강남구 23로 67
815003e8-7fda-48aa-b5e8-4e9a5b858f5a,장도현,Male,49,1975-08-03,서울 강남구 90길 27
985411b3-f7af-45e2-9f20-85249c664f32,한서진,Male,34,1990-01-16,대전 중구 61로 76
0194a8d7-df1f-45d2-a2ed-4820c906effa,정하준,Female,45,1979-05-21,인천 부평구 44로 5
712cede6-0804-46cb-8087-fe784af851c7,윤다은,Male,22,2002-06-22,부산 해운대구 65로 74
23c568f7-6eb2-4335-82de-1e6b436fadde,신건우,Male,37,1987-06-01,인천 부평구 43길 19
ce61427c-1edf-4936-a61d-35b712b53239,서서진,Male,28,1996-08-10,대전 중구 34길 69
ebf2912e-3b34-4132-978f-725c1a3c018a,한준서,Male,37,1987-01-02,대전 중구 27길 28
6a9db7b8-8595-4700-9296-6103a038fffe,김지훈,Male,29,1995-10-11,서울 동작구 85길 37
4e20bebc-83dd-4e06-8d23-d04bffcde626,서하준,Female,30,1994-08-15,대전 중구 17로 74
b0da1c93-4263-4604-9f3e-267c401546f5,최하윤,Female,39,1985-04-05,인천 연수구 49길 34
93e45d3b-3227-45a6-86aa-ccc1b68b0bab,김채원,Female,19,2005-12-14,서울 송파구 9길 64
461b76dd-5bb8-4eff-b515-652cae5fd836,이지우,Male,50,1974-03-28,인천 부평구 89로 15
332ff545-42dc-480d-924f-87321dfce79a,권하준,Female,23,2001-05-10,서울 송파구 34로 27
b2210266-c853-4933-a422-363dcd4ff225,김민서,Male,37,1987-10-17,대전 중구 88로 37
23e36adf-6a81-45a9-ad8b-e5a1fbdb4f88,한준우,Male,15,2009-05-31,인천 연수구 68길 1
7d2971f2-377a-4183-8308-982ed1507b35,김서진,Female,12,2012-08-27,대전 중구 70길 11
c7b5ee6f-f2dc-4ba9-bcc9-b38c17bb7643,정서연,Female,37,1987-08-18,인천 연수구 11로 49
38994db3-4cff-4289-8d23-fe94758dba66,최지윤,Female,43,1981-06-21,인천 부평구 41길 88
488a03d6-ae37-40da-ae38-6c39c3bcd93d,서윤서,Male,50,1974-02-12,인천 연수구 41길 22
fa307963-a29c-4632-bfb4-4f2caba4685e,김지후,Female,12,2012-06-01,서울 동작구 62길 25
3e7e309b-46cd-475b-9434-4b93803e6813,최서연,Female,26,1998-02-14,대전 중구 88로 28
0c16eea5-d303-4e16-b189-1b16d615bba6,윤소율,Male,12,2012-11-21,대전 중구 40길 66
9a360b1d-3ed3-44c3-ad61-fa6fec88f15f,임주원,Female,53,1971-10-02,인천 연수구 41로 72
077411b8-49a1-4ab8-81a1-937a15c027d2,윤지우,Male,38,1986-09-24,대구 달서구 42길 6
40d1e834-b204-4a5d-8344-a8648c53b6b5,박지훈,Female,53,1971-10-30,대전 중구 59로 31
1a387cb3-e1c5-4042-8786-1dccfc01055e,강예은,Male,43,1981-09-21,인천 연수구 56길 79
9dcc1cc8-cc7c-458b-a674-2858f9e4f76a,권도현,Male,43,1981-08-01,서울 송파구 89길 5
ca92fc9a-e30d-4e83-956e-bd90d65a9905,김서진,Male,16,2008-12-18,부산 해운대구 77길 85
6f8fede4-016e-4207-939b-e7b9dd95f55b,신지훈,Male,25,1999-04-24,대전 중구 53길 32
eec90daa-1009-4481-8939-47788fd62c64,정주원,Male,53,1971-05-07,인천 연수구 22길 3
0d460138-b8f1-4ab3-9c28-3b669578a30e,김준서,Female,21,2003-01-25,인천 부평구 1길 74
e03065b7-1ce1-43e9-87cd-314f27ce47cc,조소율,Female,12,2012-05-05,인천 연수구 33로 32
0f2aa943-216f-45c8-917e-05c63871d8ff,정지우,Female,54,1970-12-09,서울 송파구 34길 22
90d12d9a-30a2-4aef-ac9b-1134ce117e43,서서현,Female,35,1989-04-22,인천 부평구 82길 48
e4b4b6de-8327-4423-9106-6ebfa9e461d6,김지유,Female,41,1983-08-15,서울 동작구 71길 87
b70585fd-1d7c-4e99-bc12-c327593d1f8d,한소율,Female,53,1971-11-02,대구 달서구 49로 22
388775ea-773b-47ce-9527-044fbbadcd5f,장지우,Male,50,1974-12-18,부산 수영구 66길 40
e4e23c04-0914-4c7a-b6ce-e05d1c4d4303,정서진,Female,19,2005-09-16,서울 강남구 41로 30
5a440e39-9aed-4c4b-9eb7-11372a1ba6d4,윤서아,Male,36,1988-12-06,인천 연수구 4로 4
4d90927c-7ecc-4978-821b-52bd93470cc5,한연우,Male,10,2014-08-29,대전 중구 32길 58
96fa3483-bccc-4281-b99d-4f882dcc33e1,윤지훈,Male,35,1989-04-24,부산 수영구 34로 47
07facf9a-b4f0-4504-8efe-3335636e412a,임현우,Female,10,2014-04-30,부산 수영구 28로 79
7abafe46-8dac-4ca0-a79e-1eabd2082dd5,김은서,Female,21,2003-10-10,인천 연수구 41로 60
b0edd31b-f3ce-4be5-8775-b76547e8977b,강채원,Female,51,1973-04-25,서울 강남구 54길 19
4d691241-e1ad-45f9-a4e5-98d9077feab4,강지아,Female,18,2006-06-02,인천 연수구 48로 39
65ba38b7-2a86-4599-bce2-03ba9b4beca5,정소율,Female,10,2014-09-12,대전 중구 24길 68
5471f4ad-3b09-460a-ad78-846c1b98effc,권채원,Male,44,1980-06-29,서울 강남구 38길 59
db7d396e-4e4a-433a-b8e6-1835fda77ed7,한지훈,Male,14,2010-04-02,부산 수영구 75길 26
17f41bc7-c9ab-4898-90db-192ea24b1ef6,최서진,Male,15,2009-06-23,대구 달서구 2길 2
03dbbbd3-1394-4e1f-b9f2-952ca999bd7b,최준우,Female,11,2013-04-02,대전 중구 56길 48
ce2281c7-b468-4331-8645-ee75ad6c0d21,윤은서,Male,19,2005-10-31,대구 달서구 43길 20
d7443f5d-3645-47a0-8daf-362c6a92980a,김서진,Female,13,2011-03-21,서울 동작구 6로 66
388ca554-1ff4-4c70-9fe4-4680394da632,윤지우,Female,26,1998-01-24,인천 연수구 45로 80
8fa3d7e7-e6bd-4bc0-bf9f-b3c71d7b61ea,최지아,Female,30,1994-04-24,서울 동작구 17길 21
83d1e7dd-7068-4961-ba7b-002da9e8ab58,김예은,Male,30,1994-03-29,부산 해운대구 73길 42
8f17a5d9-42ad-4039-a421-923ff00af47f,이건우,Male,23,2001-09-14,대구 달서구 66길 68
b1969712-2d1b-4c9d-a515-ae954d4326ae,윤선우,Female,34,1990-04-07,인천 연수구 55로 46
5ff2a071-8fa3-47e3-820f-43961eb10bd4,김다은,Female,16,2008-11-09,서울 송파구 15길 68
8cd9eb75-5953-4134-a0de-3cab55b4a9d8,박하윤,Female,47,1977-11-25,인천 부평구 26길 1
9e050a64-f4e8-4be8-9350-b2ea4e354698,박소율,Male,42,1982-12-17,부산 해운대구 86로 19
a2e85a2b-d36e-463a-9fde-3a10db0848e7,조준우,Male,19,2005-02-06,대구 달서구 71길 77
1c611b2d-eac1-4734-83c1-3c48cfb52cb6,신지호,Female,19,2005-05-21,부산 해운대구 86로 20
f4b17d48-0832-47e0-9ba4-c0a6a4871813,정다은,Female,21,2003-05-22,인천 부평구 45길 48
5d14e7a4-585b-4d3f-90f1-04626bb1b2c6,임지우,Female,45,1979-09-10,대전 중구 42길 32
a70688af-4669-4b0b-8077-6760ce6d160f,이지유,Male,51,1973-11-09,대전 중구 61로 53
acf297ec-3792-497b-9261-413aec731c56,김서진,Female,13,2011-09-30,인천 연수구 52길 9
46bc696a-3b83-458b-b0f9-1140f8578046,한서현,Female,53,1971-03-14,대전 중구 35로 73
ade9f845-7014-4800-b784-5fb56f9d8b16,한지우,Female,44,1980-10-15,대전 중구 17길 14
edcb1a13-dc07-496d-bbe1-9909f66a730e,강서윤,Female,15,2009-06-25,대구 달서구 33로 51
b27a747b-abba-4ecc-8149-7da59bf2a8c5,임서현,Male,19,2005-07-15,인천 연수구 66로 86
9583ce4d-d264-40ce-a286-ec4d7239438a,강선우,Male,38,1986-05-29,대구 달서구 49로 36
0814f325-e3ef-441f-9192-902b976f8fac,오현우,Female,28,1996-07-04,대전 중구 9길 69
861636f8-9f33-4e0c-aed6-e8d9c3d7011b,박서아,Male,12,2012-08-08,대구 달서구 75길 64
9cb2776c-ba45-4b9e-a97b-70b27365c6e2,강준서,Female,16,2008-01-29,인천 연수구 49길 10
ed78638f-9dbd-4ec5-8034-62ca2ec422d9,강은서,Female,54,1970-12-21,인천 연수구 42길 9
de3bf930-1e2c-41fe-aa50-d9c2b49baf63,오하윤,Male,54,1970-10-10,인천 연수구 88길 42
11b60cca-2aab-41da-85a7-03bdda925336,임연우,Male,39,1985-12-16,대전 중구 29로 34
74577e36-2ad5-4778-a156-2f40e75fcc75,이연우,Male,26,1998-12-21,대구 달서구 69길 56
b6b0da3e-a3dd-40f9-9a03-f6696f5ce434,신준우,Female,26,1998-09-11,서울 송파구 28로 33
ba75371f-9158-4f26-a6f2-9471bbb826d6,강지안,Female,48,1976-03-11,인천 연수구 65길 25
7e63e624-6498-465b-981d-09081e59d69f,최하윤,Male,54,1970-11-23,부산 수영구 31로 89
dac45921-0b27-4b9e-816f-78266e8726d9,신지훈,Male,54,1970-03-22,대전 중구 83로 33
e3bcb210-daff-4fff-8220-20e50fb72267,신도현,Female,49,1975-01-08,대구 달서구 61로 32
a7160452-6cd3-491d-86be-5b7e4f84b051,권다은,Male,31,1993-07-05,서울 강남구 34길 7
4988ff93-c573-4741-83d4-2f78090c13c6,신하준,Female,25,1999-09-16,대구 달서구 75로 85
cbf1d89c-18e3-4bae-ae5a-b10b8b79e86c,장은서,Male,49,1975-01-18,대구 달서구 20길 47
6938ca37-2732-4264-a742-95ecc28d604b,한유준,Female,45,1979-12-29,부산 수영구 16로 4
2d0b554b-803a-45bb-9f32-451aa1f249f3,임민서,Male,31,1993-03-17,인천 부평구 8로 80
b759457c-25bf-4536-a7df-074fcad9ebba,임선우,Male,52,1972-07-05,대전 중구 65로 69
44e48963-400c-417c-920e-87c8c6b102ec,최도현,Male,44,1980-01-14,대구 달서구 6로 40
1386c0bb-5712-4ff2-948b-aa06a3910e6c,오도윤,Female,45,1979-03-27,서울 송파구 41로 76
9a732da4-20a1-4eb6-897a-03347b675020,박하은,Male,15,2009-03-21,서울 동작구 89로 74
ec1c1984-204d-4cb8-8c6c-e5d860fc586b,김연우,Female,17,2007-02-21,서울 동작구 49길 19
98c0837e-1cb1-44d9-bb2a-42edae6efe5a,김수아,Male,18,2006-07-15,서울 강남구 13로 80
5a6ccc4c-b4b1-4b65-a6bc-229a1b7c47ea,오준우,Male,15,2009-05-06,부산 해운대구 12로 83
425e132f-dc51-4e90-b6e1-7f13b31b8de5,김시우,Male,42,1982-12-14,서울 동작구 28로 72
e2e93dbc-2697-41f5-b46c-2f8482af88c7,서지훈,Female,41,1983-04-15,서울 강남구 35로 36
1df56e8b-9f31-4d3b-9c59-052f20096966,서다은,Male,41,1983-09-25,대구 달서구 27로 84
918980e1-d252-46f2-959b-cc1058431844,박지후,Female,34,1990-02-07,대전 중구 60로 86
9eb70420-0015-43b3-9f94-016ed804a8aa,장지윤,Female,45,1979-02-22,부산 해운대구 30로 80
96789161-75da-4e73-bcea-92383419bc36,장지아,Male,42,1982-09-12,대전 중구 68로 31
e213539a-b5f5-49bf-b885-d85d66c5b940,윤선우,Male,42,1982-11-20,서울 동작구 54길 45
08f80c46-377e-485c-9f81-77653ba4f6a1,윤지후,Female,16,2008-04-10,인천 부평구 76길 89
8221b8ab-b2d1-4bcc-b50d-63cb86252bcc,윤수아,Female,18,2006-12-21,부산 해운대구 14길 34
773ef154-e2e2-41ba-a483-44b06890805a,박지민,Male,35,1989-04-03,인천 연수구 67길 84
b53ba313-2625-43e5-bf11-0f22f1aa84c3,윤도현,Male,36,1988-11-13,대전 중구 53로 27
3a704de2-02cb-41dc-967c-cfeaf8e8edf6,박도윤,Female,26,1998-06-10,대전 중구 63로 57
1a822d25-e6c3-46e0-89c9-78ba618853f3,정서연,Male,44,1980-03-16,인천 부평구 75로 21
8ef02098-e346-40f4-b096-8b95cf1c7acf,강우진,Female,51,1973-12-15,인천 연수구 37길 2
c9c968b7-8339-4fa3-9fb1-755e830ccc97,윤윤서,Male,11,2013-08-11,대전 중구 79길 44
1fbdf6e0-ba84-42d9-9b70-e4fe2c992d9f,한지훈,Male,50,1974-01-07,대구 달서구 45로 75
20d129c4-fff9-4fc7-a571-a696bf7e57cf,정지후,Male,26,1998-02-16,대전 중구 68로 8
bdcb5cdd-d7d5-4e40-bf9c-d56d67b5767b,장도윤,Female,16,2008-03-12,대전 중구 70길 54
2573892d-d010-4e32-bff0-e0e00f25a488,장지우,Female,14,2010-08-18,서울 송파구 71길 83
7bf34638-d3e3-46c5-8eb5-c501085d7a63,권민서,Male,20,2004-12-23,인천 연수구 28길 77
b325f356-ff38-417b-bec5-80f07dd433fc,최선우,Female,31,1993-06-27,대구 달서구 80로 28
401c3e2b-06bf-48d5-ab36-46b3b43f457c,장채원,Female,28,1996-03-27,인천 연수구 38로 76
a360ae42-794c-4870-acb3-3179a8003660,오서아,Female,23,2001-02-28,서울 동작구 41길 8
09fc7a66-2689-4ead-8ad7-5435c69eaa7d,김은서,Male,29,1995-06-16,대구 달서구 55길 19
09c2759e-52b5-4330-88f0-00082c0bd853,서준서,Male,48,1976-11-14,인천 부평구 72로 52
ea210935-0560-44a2-8317-9af665f1c8f9,오선우,Male,35,1989-11-21,서울 강남구 5길 11
fd5ee186-ed12-4387-9495-1687040d15f0,장현우,Male,17,2007-10-08,부산 수영구 46로 10
e064913a-5ab7-4e0f-8c2b-28e773f2b6a7,김준서,Male,44,1980-01-18,부산 수영구 83길 29
fc96f8a6-1ab5-4f41-9a3b-e96f2c18a9de,김지호,Male,38,1986-01-12,인천 연수구 14로 57
3ae9a5d2-ab3f-49b1-b3f9-5a8c31a07404,김선우,Female,53,1971-01-29,대구 달서구 17길 42
ba66ad13-eaf2-48df-831a-f97abfd7a9b2,최소율,Female,32,1992-09-06,부산 해운대구 29로 48
5d1efb06-521d-4785-9b22-d0e586760d5b,오지안,Male,50,1974-10-21,대구 달서구 36로 77
8a21bec4-cea3-4243-a533-9a3136051c9c,정서준,Male,21,2003-02-28,부산 해운대구 6길 80
76c76bd7-f05a-48b4-98b7-e4ae2e33e328,박선우,Male,50,1974-12-04,부산 해운대구 56길 16
83e7a30c-2e25-457a-a293-66584f5f8fe6,최연우,Female,42,1982-09-23,서울 강남구 57로 80
9bccdd82-6071-4997-b686-a899d1466988,서지윤,Male,15,2009-05-05,부산 해운대구 35길 19
3178afdb-941b-4479-92ed-faffa1238dea,최주원,Female,21,2003-08-11,대전 중구 1길 2
96024c77-3d67-4650-a341-0874c56ea71b,한서윤,Female,54,1970-06-20,대구 달서구 29길 45
1ccea57c-8d74-4385-8605-2a649fa2c45a,권수아,Male,21,2003-07-10,대구 달서구 70로 79
0d2719fb-f112-4743-9d74-0f09a74ae606,오지후,Male,50,1974-08-12,서울 동작구 81로 45
f5167d9b-b872-4bbb-8d37-85e82f2a02a0,조우진,Female,40,1984-01-09,서울 동작구 17로 76
7435d52b-4f96-4a0e-b0fd-f05b1519b9b8,이다은,Male,31,1993-10-05,부산 해운대구 82길 33
b09517f9-ecc8-4bd1-8d3b-6e5ec9368243,임시우,Female,15,2009-01-27,대구 달서구 35로 41
c27b217b-f8b4-44fb-befe-c1c06bb08b93,최다은,Male,47,1977-09-10,서울 송파구 61길 79
221b67f1-e837-4140-bad7-60ef6ef0f55f,오민준,Female,40,1984-11-22,대전 중구 39로 63
af21dab0-e8d0-44a4-a988-544cb569d444,윤지윤,Female,13,2011-04-04,인천 연수구 17길 20
ae92d0e5-8c3a-4e85-bf6a-cebd9d684763,강서현,Female,23,2001-10-26,인천 연수구 31로 5
a7d813ba-8b82-4069-91a7-732075750419,최지안,Male,54,1970-06-21,대구 달서구 34길 11
22e5ffac-f9a1-42f7-b1f6-575498080f5b,윤지후,Male,13,2011-03-17,인천 연수구 61로 4
d5022884-e3eb-49d1-9e90-1dbe01cd0837,김선우,Female,14,2010-10-31,대구 달서구 27로 56
54893571-9786-4cbc-964f-b2d5c10004cf,장하은,Male,11,2013-09-01,부산 해운대구 18로 50
11e76c11-7859-4356-97bc-85d589c5fccd,김지호,Female,26,1998-03-07,대구 달서구 72로 82
1f1171d7-dbdd-48c6-9e0a-ebb4b494b42a,정서아,Female,23,2001-07-10,서울 동작구 75길 70
1609ca7d-d042-4b5f-9b80-ea76918923c9,최지아,Male,28,1996-09-23,대구 달서구 12길 89
1a94408e-21b2-413a-ab7b-58f31858b8f0,최시우,Male,25,1999-12-02,부산 해운대구 58길 81
b5707529-54f7-4eec-a073-0846584e460c,박하준,Female,54,1970-10-30,대전 중구 11길 66
189a641f-c6dd-4fa0-ba37-f5d18d727dee,박하윤,Female,41,1983-03-16,대구 달서구 48길 33
9eadf5a3-18e3-41d1-be60-440f461fa6c5,이하은,Male,10,2014-06-02,서울 동작구 75로 42
a696e4b4-1c77-487d-acf9-99e847e74ebd,이주원,Male,11,2013-08-26,부산 해운대구 86길 61
e52918b3-4176-4413-8023-624832f1f437,장준우,Male,40,1984-11-27,대구 달서구 52길 23
33cf444e-8f56-42e1-a1ab-45596e817ce7,한예준,Female,48,1976-08-01,서울 송파구 7길 45
b7c91be9-7577-4141-90f8-3dc3913d41c1,임소율,Male,16,2008-01-28,대전 중구 80로 62
e7f2821c-8c1f-4d10-9399-c72f85f23070,이지후,Male,45,1979-08-27,부산 해운대구 62로 45
2b2ca1b7-4947-43d9-893f-e1a3d829cf93,한지훈,Male,20,2004-02-05,인천 부평구 16로 30
68f0a758-e594-45d6-b8f6-43822bed76db,조시우,Female,19,2005-05-15,인천 연수구 33길 39
fa6c3019-84e1-4231-a165-1d302fc0ee39,강지윤,Male,53,1971-03-07,부산 수영구 49로 46
b5a5a75b-ce3c-49bc-8719-fa322351758f,정도윤,Male,15,2009-12-05,인천 연수구 78길 66
39504955-f5f4-45b9-bd3e-c71f58eb64ed,서연우,Male,38,1986-02-09,인천 부평구 87로 2
01f3e886-0d0e-4624-929e-e5b55f830813,신서준,Male,52,1972-11-13,대전 중구 83길 71
734f1919-f504-4438-94c5-b16533a6099f,정서준,Female,23,2001-02-09,서울 송파구 47로 61
e502d9b4-651e-4901-9142-e0133248fa1a,정서아,Male,27,1997-08-04,서울 강남구 29로 86
0e6c77cd-8ec3-46b1-9575-059aaf644ef3,윤건우,Female,35,1989-07-12,부산 해운대구 50길 72
5d98386a-d421-456d-8c8c-a5dde3eec509,윤지아,Male,43,1981-07-31,서울 동작구 23로 33
9f01e387-2c3b-4742-bac1-861b0b5abc59,조현우,Male,45,1979-03-13,인천 부평구 58로 32
51f2fc75-a6d0-4791-8ae7-87aca44ed45a,장지훈,Male,44,1980-04-25,서울 송파구 11로 76
4ec776e0-c83d-4bf6-8652-d4cd9818bce0,서건우,Female,25,1999-01-25,대전 중구 63길 22
f0793e5c-b80f-4999-9888-d05cbaef8749,강서현,Female,24,2000-12-27,대전 중구 72로 9
e2dca67b-5ad1-46c6-bf21-ece266705ac7,오서윤,Female,35,1989-04-05,서울 송파구 13길 58
99c438a4-bc9e-495a-901f-c4d4dee6cb7b,권서현,Male,38,1986-08-14,부산 수영구 24로 73
ccee478f-8044-4746-b22a-2061db672c05,장지호,Male,43,1981-04-09,부산 해운대구 43길 63
e67c9a26-c058-4575-8f23-efdbe18665a1,장시우,Female,27,1997-02-27,부산 해운대구 6길 29
79ebef5f-c3e8-4390-9fa1-5ebceaf7171f,정수아,Female,13,2011-04-10,대구 달서구 42로 4
79351c50-c22e-46f7-bc2a-28a489caa31b,정소율,Female,29,1995-05-25,부산 수영구 80길 62
e0a50f39-6efe-4222-b442-896645399c37,한지아,Female,39,1985-02-18,인천 연수구 26로 77
abfa6c5c-9bd1-45f6-9fab-b1cb0bdbd427,강하윤,Female,37,1987-10-20,대전 중구 35길 35
d2e1be12-09e8-437e-9620-b85ebcb65361,박소율,Male,25,1999-05-25,서울 송파구 77길 2
65e09dbc-29d6-4966-977d-c382c97fc00a,오연우,Female,43,1981-06-11,서울 강남구 66길 55
b3b52286-279f-454c-b2f1-eebd1cc77605,강서현,Female,43,1981-02-15,대구 달서구 80로 11
829f4ad4-697c-4efa-ab3d-55d316f9ab8a,권하윤,Male,42,1982-11-05,대전 중구 66길 49
d3d5d156-7be2-4977-b0f3-c258ed5ea3cc,서예준,Female,39,1985-02-17,서울 송파구 21길 65
c0bdc92b-8cc4-4905-8d0e-be0d403c8fb1,한지민,Female,24,2000-06-25,대구 달서구 50길 20
794dc7c4-191c-4c47-a6e0-60eb0777f0af,서서연,Female,52,1972-11-04,대구 달서구 52로 12
ea24ce3d-867a-4c02-ac1d-620781f99c33,박서연,Male,44,1980-01-10,대구 달서구 11로 57
02767144-cbfb-4268-b882-71707a8bae6c,장도현,Female,37,1987-02-12,대구 달서구 17로 32
019ebd34-e5ec-4038-8ee4-a46f8f49bc4d,박예은,Female,16,2008-06-01,대구 달서구 87로 78
a065e727-76f6-4b22-85f4-4740aa817578,임지민,Male,50,1974-08-10,대구 달서구 3로 13
f8a3c1dd-7a2c-4894-bcca-6b0d8c3635b0,강준서,Male,51,1973-12-09,부산 수영구 64길 85
18a9e28e-69be-4bc0-a870-9f3226017b7c,강연우,Female,40,1984-07-16,대구 달서구 84길 26
daaf740c-cb09-4b1d-a199-497937ebc3dc,오지우,Male,53,1971-01-30,대구 달서구 21길 24
15ee156d-5c74-4ce9-957b-8db467062ed9,임주원,Male,21,2003-11-08,인천 연수구 66로 51
f47c69e0-7ec3-4995-ac8e-b6569c676eed,장시우,Male,43,1981-05-27,대구 달서구 24길 24
64094b30-a21f-402e-a8bc-3f47f4cc80da,김지후,Female,39,1985-10-18,대전 중구 51로 14
20732a0f-0dd0-4668-8c7b-027afad99c83,강수아,Male,35,1989-10-20,대전 중구 85길 86
77c3d271-eea6-421b-a565-87933467d7cc,권건우,Male,33,1991-11-29,부산 해운대구 41로 54
cbc9f76e-d260-493b-9022-5c6fb13669b6,장준서,Male,38,1986-02-24,인천 연수구 21길 82
8ecb560d-a956-4040-8bee-ad4bb8802b8f,신지후,Female,53,1971-01-19,대구 달서구 39로 70
73cac8bd-5122-4793-823b-07fd0e0cce5a,한서연,Female,46,1978-09-08,부산 수영구 69로 17
b8db529e-10b6-4986-8bc6-d8ac637b901c,이다은,Female,26,1998-04-27,대전 중구 69로 68
95ea6a71-1b8b-4af0-aa2f-82392cf34bfb,최지아,Male,36,1988-02-12,서울 강남구 42로 51
2e67c21a-53a1-49e4-8a22-b0d387459928,박서준,Female,54,1970-11-23,대구 달서구 18로 51
923c5f3f-be65-4b1f-bdb9-42db7d079216,박다은,Male,18,2006-07-01,대전 중구 44길 63
1505cca7-3a0e-4015-befb-66881be112ce,장건우,Female,46,1978-02-10,대구 달서구 79길 35
5360b8b2-2e7c-4b66-a653-2081501ceed8,오예은,Female,19,2005-04-05,부산 수영구 79로 67
4c66f689-86c7-4136-843f-5ac71026c99f,이채원,Female,40,1984-03-16,대구 달서구 59길 5
e8e35885-853b-4a25-9259-cf1f62bb5938,임예은,Male,26,1998-11-28,대전 중구 3길 48
7dfbf229-126a-4d72-ab47-6b108e4522f5,최주원,Male,19,2005-02-22,부산 수영구 14길 55
e5468635-31d2-44c4-802e-e95a2397993f,신도현,Female,27,1997-09-08,부산 해운대구 3길 6
a0fd9483-03b1-4c7e-8444-49e57c2337f9,장예은,Male,39,1985-04-10,대전 중구 12길 80
43562746-0589-4d8d-abc3-397c46354c89,신준우,Female,29,1995-11-24,인천 연수구 76길 66
91c8ab1e-27a3-45c4-a257-7f068a742afb,신지아,Female,27,1997-08-05,대구 달서구 48길 71
bd134a64-935b-4a6e-9a68-362f4f8cb81d,김윤서,Male,47,1977-06-15,대전 중구 26길 89
bf782bce-5ede-4a97-b292-13f20e2345c5,박연우,Female,24,2000-04-22,부산 해운대구 22길 56
df506a6d-69be-44cd-889f-3b9521b251b3,장채원,Male,31,1993-09-21,인천 부평구 84로 1
824e0382-51fa-462d-af2a-4e254feec72a,김서진,Female,21,2003-03-10,대구 달서구 25길 16
52534a46-2587-4aa7-aeae-21d709187b71,정하은,Female,27,1997-05-20,대구 달서구 90길 89
9034da56-e0ba-46dd-bb2e-ac4a3fd7e1b7,김지우,Male,33,1991-10-10,부산 해운대구 60길 84
0fa23270-f212-451f-8aa4-120653277b7e,신하준,Male,38,1986-02-27,서울 강남구 24로 67
4958f732-82cf-4f3c-9370-c15933f254a6,정연우,Male,35,1989-07-04,서울 강남구 53로 40
f746697d-20b9-4c20-a43e-963020276b0e,윤서준,Male,38,1986-07-28,서울 강남구 50길 74
0088c039-daaf-43f1-bfc7-25f25b6411a9,박서진,Female,29,1995-09-08,대구 달서구 5길 32
9514c296-d881-4c13-9180-7b72a7b2dadc,오지유,Female,30,1994-05-14,서울 강남구 45길 88
70e7df4d-15cc-4e16-ae6b-f13c4896f1cc,강다은,Male,36,1988-06-29,대구 달서구 7길 15
287fa59b-b744-4f24-bede-50ac09f4c172,서건우,Female,28,1996-07-15,부산 해운대구 39로 36
077ed7e5-80bc-4bea-983b-0ecf4351b17f,오지안,Male,38,1986-08-28,대전 중구 87로 50
a90fe50d-f251-4baa-88f9-e6f7152a6490,신지후,Female,44,1980-08-15,대구 달서구 86길 86
f20d8169-830c-48f7-bcfb-303b02dd206d,오예은,Male,31,1993-05-23,대전 중구 53길 27
ba5ffd64-7f57-449d-84f5-13679c5542f7,윤주원,Female,15,2009-07-22,부산 수영구 66길 44
8a505db3-cc83-4d1d-9160-1ad4b072d54d,한서윤,Female,42,1982-03-19,대전 중구 57로 26
2c30a4ac-7c55-44d4-8c75-f251ce9fd98a,정지아,Female,20,2004-09-20,인천 부평구 19길 61
a4f228d3-3e74-4c95-a392-6d401214bf3d,장지아,Male,41,1983-11-23,대전 중구 56로 76
6482a299-cca7-4853-8f70-747f4a6a6e3f,서우진,Female,12,2012-04-18,대구 달서구 44길 86
fcffecad-06b0-4744-b4ba-9ab48159f229,장지아,Female,54,1970-03-30,대구 달서구 61로 85
89cd8762-9908-4674-bf3c-c67de4ea3c8d,임하은,Male,24,2000-03-10,대구 달서구 52로 34
56ae3870-5112-45af-acd9-e42f1a05d8fc,정지후,Male,42,1982-09-25,서울 송파구 38길 60
0a8eb9b9-a4b4-4348-9303-a84f989ce9c7,윤주원,Female,33,1991-01-07,대구 달서구 48로 80
e49b65fa-c6e1-4d07-b942-199ca89dcdfb,강지민,Male,29,1995-10-19,부산 해운대구 36로 8
27c75d53-ad16-49bc-9b35-b4a36b6e4b7f,권우진,Female,24,2000-08-27,인천 부평구 49로 50
27a3e1e0-4557-4f34-be9a-540fcd6d7aef,한하은,Female,22,2002-11-30,대구 달서구 29길 30
68e01feb-f295-485f-b919-124a8439b24e,권지유,Male,32,1992-09-27,대구 달서구 28길 23
7cc19c31-ae76-40f2-97ff-1ce40c67aec3,김지훈,Female,42,1982-02-19,서울 동작구 7로 69
9190b541-29c4-4aea-99b8-307d68180199,서소율,Male,15,2009-05-08,부산 수영구 37로 72
0c4397ef-d5b2-45bc-8b6d-5b38eff820f8,이시우,Male,35,1989-09-03,부산 수영구 2길 46
2fb8fb85-4a1d-4224-bb62-a64873832b02,오준서,Male,47,1977-01-19,서울 송파구 61로 8
7ad3359e-5053-466c-ab6a-e530c7230007,김연우,Female,37,1987-08-22,대전 중구 53로 26
2bd9cf6c-badb-4919-bd43-859e141d8283,이하윤,Male,20,2004-09-08,대구 달서구 84로 2
48b03846-685f-47a5-8d74-f311b6ebd0c0,조지호,Female,31,1993-01-24,인천 부평구 4로 9
455d8d1c-3f4f-483c-9ee0-76bd0f2eed6e,박서현,Male,12,2012-12-10,서울 송파구 61로 20
149a7c79-be3a-417b-a87c-cc7063ee686e,한현우,Male,36,1988-07-06,대구 달서구 53길 37
c6ed2acd-fa01-4b02-9c50-506684964360,조연우,Male,40,1984-10-01,부산 해운대구 39로 80
36fefd1e-befe-45e7-9574-1f064b3de409,최준서,Male,38,1986-02-18,인천 연수구 74로 65
8fde6651-5549-464e-8740-9be51d23d669,강민준,Male,27,1997-11-05,인천 연수구 86길 19
124766f3-46e2-46d3-990b-e140a6dbf23f,윤선우,Female,22,2002-06-18,부산 해운대구 39로 14
cea68901-b7b0-4dcc-8eff-222478286436,임지유,Male,34,1990-01-11,인천 연수구 89길 20
c3456683-6bb0-452e-adb0-76af60c4de18,강하준,Female,44,1980-01-11,대전 중구 71로 9
1c868a94-dbf4-45ca-808c-1282fc9b9bf0,신민서,Male,32,1992-01-03,대구 달서구 70로 70
167f38a4-b0dd-4288-89c3-093f09893b31,한선우,Female,18,2006-03-31,인천 연수구 68길 75
a4cd07f3-d571-45d6-a664-17a77c011043,권윤서,Female,48,1976-01-03,서울 강남구 6길 29
160e06f0-3cae-4a06-be5f-edbeb8284f5c,박예은,Male,10,2014-03-10,대전 중구 66로 24
70a35ad6-6026-4ab6-acfb-958806224287,한주원,Male,16,2008-05-23,대구 달서구 2로 65
83d7736a-b61c-437f-b90b-d10a366115bf,강유준,Male,37,1987-07-25,부산 수영구 83길 81
70f775de-7174-49f9-a69b-f675b9f8b80b,오민준,Male,49,1975-06-25,대전 중구 72길 24
20da6704-e9b2-4f75-907d-7abec353f6b3,한지훈,Male,13,2011-03-24,인천 연수구 7로 21
17200d03-11da-4742-a168-19f9ead81cb6,이유준,Male,27,1997-03-22,부산 수영구 16로 47
3a382c57-0cfc-476d-b340-702522f01dc2,윤서준,Male,14,2010-05-21,인천 부평구 55로 40
e33987c6-e9b6-45f8-ae8e-f32ecc265891,윤준우,Female,49,1975-01-24,인천 부평구 14길 66
d156b2db-6444-4515-81c7-d6f4c22b38e1,박하윤,Male,33,1991-06-15,서울 강남구 62길 60
cbc3148a-4d78-4a84-9a53-5eb8783a555e,장민준,Female,23,2001-07-19,대구 달서구 28로 50
552da702-9cd0-4bc4-bb9a-37494b63fcd4,박서현,Female,54,1970-01-19,인천 연수구 47길 50
dc0b94e0-f35a-4f95-b80f-05eaa061ea07,강지유,Male,16,2008-03-05,대구 달서구 41로 89
36cdaf15-c074-4214-a761-19e5d4e6b423,임우진,Female,35,1989-03-19,인천 부평구 17길 33
2794ef2e-e234-4409-860f-3b3a7ad09ed5,오지민,Female,21,2003-05-30,서울 강남구 39로 90
a23eb172-7f3a-40c3-b1c2-90cc4080fb3a,서민서,Female,15,2009-09-05,대전 중구 70로 84
23be98a7-cae7-4184-8af1-b4cd566fcf27,박예은,Male,33,1991-10-30,대구 달서구 22로 57
f51e2bdb-adfb-4d6d-bcd5-8a016abdd065,강서준,Male,29,1995-08-24,부산 해운대구 77길 50
4a8c15fc-a2b0-4db2-b86b-1df547493e0a,서건우,Male,38,1986-06-24,서울 강남구 79길 45
509f099e-36e2-4214-b424-7457c3550d29,신우진,Female,35,1989-10-10,인천 연수구 73길 14
3a07e3e3-ffe4-4f76-919d-a96c7d5d7c89,권윤서,Female,35,1989-08-08,대구 달서구 20길 18
37be4b7f-5b9d-46d4-9a6c-2f41b5972d95,권지안,Male,12,2012-12-08,대전 중구 76로 55
eaab5af5-bf4b-414b-954b-def6f50648f9,정도현,Male,17,2007-10-16,부산 수영구 3로 9
f373ce27-aa8d-4ee7-8535-a0a173508107,김시우,Female,16,2008-07-21,인천 연수구 32로 85
2dd83743-f4f9-4629-9d2b-3587ca9a4690,강지윤,Female,38,1986-09-03,부산 해운대구 23로 9
6fdeb085-69a7-4eed-8c7b-e5bf809c6e31,이소율,Male,16,2008-02-09,인천 부평구 75로 41
3e1a4d83-1d5e-46fd-8054-f9dc351020df,윤선우,Male,28,1996-04-03,인천 연수구 75로 22
f05ba1af-cbe1-483b-a6e0-c872178f9ba0,오민준,Female,12,2012-03-12,대구 달서구 3길 41
559017d8-064e-4fb0-aa76-8bcdcd1b2d7e,오민서,Male,49,1975-02-18,대전 중구 37길 52
31ca12bc-99ab-40e8-9a1c-3d5af21f33ea,이준서,Female,42,1982-05-14,서울 강남구 65로 53
09961f07-9cae-4d8b-8ade-7ce87ff1b988,권지민,Male,12,2012-06-16,서울 동작구 23길 56
436f32a4-82f1-4590-b588-aec98e7065b3,강서진,Male,33,1991-06-30,대구 달서구 63길 70
7448b9e0-589a-4e40-a82a-6b832a605494,강선우,Female,18,2006-04-03,인천 부평구 42로 90
d339895a-53e3-4926-931d-e9d5648da092,윤다은,Male,14,2010-08-07,서울 동작구 61길 60
ccb666af-6bbc-4ec2-b6ea-e994b08b7fb4,강시우,Male,19,2005-08-23,서울 동작구 32길 68
b9416a44-5bbc-4577-9cdc-07843f689b1d,임서진,Male,50,1974-07-25,대구 달서구 22로 17
6e2836c5-ddce-47f8-a1c7-e90b160691fa,서주원,Female,44,1980-08-26,대전 중구 12길 89
189ded45-c468-4c71-aedc-f1d5165e155e,한다은,Female,42,1982-08-08,대구 달서구 82길 52
2452376c-fe90-4fd7-9c92-689487482600,서지윤,Female,31,1993-05-12,대구 달서구 82길 48
ebb1c1ac-35f7-498b-b328-ff6029a93f41,강지윤,Male,16,2008-04-29,서울 송파구 23로 36
b65d3707-02f4-4ac6-9c09-77f4335a32ef,권유준,Female,13,2011-10-12,인천 부평구 35로 63
d2e91c90-de0c-4790-99fb-d66a5038976f,조하윤,Male,54,1970-09-13,부산 해운대구 44로 57
f6f48952-f9df-4e95-8327-e2ebee0f6112,임민준,Male,22,2002-03-04,대전 중구 1길 69
7e609277-ef8b-4ff3-8c09-2c77f41666b0,최시우,Female,21,2003-04-16,대구 달서구 67길 78
4db828df-acdf-491d-83dc-abc9c1fa1b7b,권민서,Male,17,2007-03-03,서울 송파구 9길 26
41965eb9-1c32-4161-9776-2507e7879572,강연우,Male,11,2013-04-21,인천 연수구 32길 73
15a1b14a-7787-4187-9a44-be4b1856481c,정도윤,Male,32,1992-02-21,부산 해운대구 49길 69
9ba7afea-6662-400e-a4c0-8254f40d177e,최도윤,Female,26,1998-09-03,대구 달서구 5길 53
6922c72e-b821-4f19-b41e-e968c34afacd,이다은,Female,21,2003-04-16,인천 부평구 70길 77
9314b4f1-4421-4cbe-9bf5-8da6d9e3995d,한지윤,Female,41,1983-10-08,부산 해운대구 4길 14
e8524e06-4dca-4522-94a5-f34c79e8f018,권윤서,Female,33,1991-10-23,대구 달서구 42길 32
d5098688-7d9d-44f9-9b6c-f306af5446f0,장민서,Male,35,1989-04-05,대구 달서구 32길 4
f8b537bc-3b24-47fa-becd-5852c8f4a864,임시우,Female,40,1984-07-05,대구 달서구 65로 82
974f652a-7d77-4383-9145-1e1161fab580,박서윤,Male,24,2000-10-13,인천 연수구 16길 69
b0d42afa-3149-49b9-a1a8-d42c9e80e51e,조도윤,Female,28,1996-10-25,인천 부평구 65길 37
92699243-4b14-419a-b7ea-2e268d6c916d,임지윤,Male,16,2008-08-24,대구 달서구 87길 75
20d2a832-b9e2-491a-8cb7-5bf0d6e63b87,조도현,Female,12,2012-04-02,인천 연수구 64로 39
dd64be80-1017-4a0c-9437-4660eb3265b1,임지안,Male,44,1980-09-22,서울 강남구 65로 10
6cc4f88e-7fbf-4edb-b38f-f2e9006b2630,임도윤,Male,38,1986-08-20,대전 중구 65길 14
c03d8998-98a0-4d78-b830-51231c199a49,오민준,Male,19,2005-04-29,인천 연수구 44로 31
24ea6d8e-93d9-4a3e-a915-58491d2f46a4,강유준,Female,45,1979-11-16,인천 부평구 63로 57
6e114528-9259-46e9-9ff6-f3990670dc21,조하윤,Female,25,1999-07-26,대구 달서구 73로 51
fa6f70c1-6a1d-450b-818b-406386e3b188,조예은,Male,19,2005-02-15,서울 강남구 42길 65
f142db8d-c88e-4466-8848-b43c3a254e41,이서준,Male,30,1994-09-03,대전 중구 23로 80
e5e799f0-3c46-4dec-a5f2-7abb4c0acd86,권유준,Female,41,1983-04-12,서울 송파구 45로 75
ec093b37-6589-4c54-ab86-284b1747e6ed,장민서,Female,16,2008-02-16,대구 달서구 47길 75
1eb8fd00-e992-40b4-97bb-666ced139ae9,조채원,Female,12,2012-03-02,부산 수영구 63로 42
a0667690-dba2-4889-b1b3-418ef9920773,박서아,Female,44,1980-05-04,인천 부평구 15로 62
33186f7a-69a0-4a19-9393-7d3001f2352b,임민서,Female,48,1976-06-22,인천 부평구 65로 32
092224c3-b1da-41b1-bbf3-4b22b9dcaa5a,한서아,Female,24,2000-09-23,서울 동작구 74길 22
27177234-8757-48b8-9daf-77c4613157b5,장지민,Male,33,1991-02-03,부산 해운대구 61로 64
555fad77-da7e-4b72-8d96-cbdc3a7aeb77,이예준,Male,25,1999-02-14,인천 부평구 48길 64
4f442b85-cbe3-430f-8b11-4ddb081334a3,박지훈,Male,26,1998-10-31,부산 수영구 60길 55
57257772-333e-4db8-85c2-48746685f986,신주원,Female,43,1981-03-02,대구 달서구 31길 25
f9f92924-2ed9-4eeb-93a5-c946b674faf3,박은서,Female,18,2006-03-15,부산 해운대구 73길 12
377a8f9e-76cf-4a14-ae28-fd9f089ae337,한수아,Female,14,2010-04-09,대구 달서구 75길 16
4b038dfe-af8d-4c9d-9524-ceb11d04d836,이서아,Female,50,1974-01-01,부산 수영구 86로 46
9885963a-5192-4d90-acde-2104572aac37,박서윤,Male,40,1984-09-20,부산 해운대구 58로 54
005015c2-4259-40a9-979e-d5e38f6bf0f0,조현우,Female,42,1982-05-20,서울 동작구 78로 27
77769c98-8f87-44be-b049-6a78352786b1,정지윤,Female,32,1992-05-06,서울 강남구 69길 67
7c7d46e2-eeee-4331-8371-2fa9c651b0d0,임지아,Female,42,1982-02-03,부산 수영구 83로 30
0278f73a-6d5c-444c-905e-409260daa943,장서연,Female,34,1990-09-14,부산 수영구 85길 10
32cc0932-9495-4c64-b59f-07aa3b30519b,권서아,Female,48,1976-01-18,대전 중구 49로 66
c3d9ae1f-6a10-41dd-be9a-3e36891d2231,신은서,Female,49,1975-06-15,인천 연수구 88길 67
447cb1f0-3d46-4ca8-9f2a-147645af21b1,장지윤,Male,31,1993-03-22,서울 강남구 34로 64
d9949f81-6450-4d9e-bb20-ff73d07e90e5,박예준,Female,10,2014-10-25,인천 연수구 12로 3
7003beba-3d32-4537-953f-1b27391e7f5d,이지안,Female,24,2000-02-21,대구 달서구 75길 19
d1dfbb89-88b1-49fb-bf31-046a73c65f38,권지유,Male,16,2008-07-24,인천 연수구 60로 27
668d3bab-fd27-4ca8-abe7-e2924859c002,조도현,Female,45,1979-05-16,부산 수영구 31로 45
bceaa83f-3c3f-46b6-a392-153c2181166a,정지윤,Male,52,1972-10-01,인천 부평구 6길 8
2188b483-29c6-40d6-b9c4-c87638736928,박유준,Male,19,2005-09-20,인천 부평구 48로 68
a7e7f8c9-9bdc-4986-8d83-11dcbaed859c,조주원,Female,26,1998-08-04,대전 중구 35길 40
ead32678-0d4e-4693-9a00-f8e7a9b111c4,강예은,Female,45,1979-04-06,부산 수영구 42로 53
4c432675-856f-4483-8416-4c20401febb5,강채원,Female,47,1977-11-20,대전 중구 26로 81
83050a15-054e-41bb-8c80-c74ab0998b01,신지민,Female,19,2005-10-27,대구 달서구 43로 28
f63de1f2-77b4-4b2b-b2fa-355fcc8132de,조서윤,Female,45,1979-03-12,대전 중구 35길 45
e68f8be3-0c9e-4287-ad3f-c1a8a26026ab,권지윤,Female,39,1985-07-18,인천 연수구 12길 3
26e00668-6047-427e-adc4-edaa5de95259,한지민,Female,20,2004-10-02,서울 강남구 41로 33
05aa67fb-9274-454c-babb-1fc6bff7a1dd,김수아,Male,54,1970-10-28,부산 수영구 57길 82
1a7de7a1-1740-4f26-b02b-3e69fb5649eb,박주원,Male,29,1995-12-02,대구 달서구 38길 88
ec0044f8-ea5b-4471-b06f-b7230d2eb28a,강예준,Female,54,1970-06-13,대전 중구 13로 41
f1251239-d673-4456-a7b5-c06be86ec06a,임민서,Female,52,1972-01-14,대전 중구 47로 12
b4e2a85f-4924-48eb-9d47-672940310c4f,권수아,Male,49,1975-06-18,대전 중구 50길 15
e665dc62-f1a5-4217-a35b-41bd1b2a0baa,오하준,Male,30,1994-10-11,부산 해운대구 42로 27
f93251c0-9bcd-4fa8-bbac-892f599e3787,박건우,Male,49,1975-12-26,부산 수영구 58로 43
c7304666-4138-4d68-bbdd-a9bcfb94a4f4,강도윤,Male,10,2014-12-22,대구 달서구 41로 72
9027f7e5-f84a-42c4-b03f-eab2866686e2,조서준,Male,25,1999-10-29,서울 송파구 67길 30
e83ff518-0a0f-45d9-b535-f172780aa864,임시우,Female,38,1986-11-13,서울 동작구 89로 52
0777e741-a495-4cde-b4d0-3c1fb744a786,신서윤,Male,31,1993-06-01,서울 동작구 22로 21
80e6a421-afa3-4877-b413-f4b2abafb27e,오현우,Male,31,1993-07-09,서울 강남구 1로 60
e548f52a-198e-4a3d-aa30-0ef6d19f22c9,강도윤,Male,28,1996-11-02,인천 부평구 37길 46
d18b9a6e-52c5-45a6-a5a3-e06f8a9ceb9c,한하준,Male,35,1989-04-13,인천 연수구 42로 58
9a6049c7-af3e-4f2f-ad18-3c2aa2a54dab,최서진,Female,50,1974-11-16,서울 송파구 86길 25
e4ebaa0d-eefe-4502-bd97-a24c59046c74,박하은,Male,50,1974-03-09,대전 중구 61로 54
143a8e86-396b-4302-b2f7-65cfdec0d3eb,정서진,Female,24,2000-02-02,인천 부평구 82로 70
c6f9547f-27eb-42c2-83a2-a99de1915eb8,김서연,Female,47,1977-04-19,대구 달서구 41길 69
82a0ff23-0ac5-46d4-8ed6-a9352cc2ec46,최하윤,Female,28,1996-04-12,인천 연수구 29로 68
de1dfe63-6271-409f-be59-062dc050b058,김하윤,Male,40,1984-07-13,대전 중구 75길 34
cfdb74b0-fdc7-4476-8107-2b38ce86d89d,한서준,Female,28,1996-07-24,대전 중구 70로 66
307e1499-26be-4f9f-b885-1a13bb25035b,강서현,Female,43,1981-11-17,대구 달서구 61로 24
7810b700-7942-450c-be5b-1f5646e006de,신서연,Female,42,1982-08-02,대구 달서구 90길 33
5e4a4eee-50dd-4b4b-8806-2805e1fcb29d,윤하은,Female,49,1975-10-14,서울 동작구 51길 29
5783ff49-601b-4a78-b377-0fdde5b0b05b,장지아,Male,37,1987-09-25,부산 해운대구 29길 18
00790647-0904-4351-834f-015fb40a03a0,이지호,Male,10,2014-04-07,인천 연수구 42로 28
13bc2034-9807-48d1-ada3-3a22557304a1,김연우,Male,26,1998-04-28,서울 동작구 15길 83
c75ba3f1-dc95-4c10-9292-3a6fc38c1bb6,최우진,Male,22,2002-02-26,인천 연수구 81길 2
be405497-b327-4996-ab48-09f05af74cb9,강서진,Female,41,1983-02-21,부산 해운대구 82길 87
4257f2e0-de31-4721-913e-3e1d6ecc8513,신지유,Female,23,2001-09-06,부산 해운대구 32길 86
e95448df-5b24-4c09-96aa-fab9c25b3743,한하은,Male,24,2000-03-12,서울 동작구 26길 23
799555c3-f876-4c21-81a8-2fee7e2d8aaf,한시우,Female,20,2004-05-06,부산 수영구 42길 6
b54d77f3-3d2d-44ba-8999-50e7a0c5b4cd,윤지유,Male,31,1993-12-20,서울 송파구 69로 23
e4f44bc1-98f8-4204-be4b-63b62525b64c,서서준,Female,54,1970-04-04,부산 해운대구 76로 89
5afb0357-57fd-4e0e-a906-c4e363266a7c,조지윤,Male,50,1974-05-18,부산 해운대구 54로 73
70331ca0-ba7f-4baa-96bd-3714233ee3d9,권준우,Male,43,1981-02-22,대구 달서구 66길 25
d0f93685-ed6d-4539-9259-25b94d4b76fd,임우진,Male,29,1995-03-26,서울 동작구 58로 42
146ed939-42f0-4412-a7f7-ba79440f4583,강준우,Male,10,2014-09-18,대구 달서구 55로 17
cc0f5d81-28e2-45db-9dff-8c1ed8861152,권현우,Female,50,1974-08-12,대전 중구 39길 24
28adf930-2e57-4e0a-8617-a7c8540b03d2,오서아,Female,36,1988-09-21,부산 해운대구 70길 3
a4e3e259-49c3-4dcf-b6e4-a96f7e03b1ec,윤지민,Male,53,1971-06-07,인천 연수구 32길 88
79b9ecec-3d1e-419a-b077-19aaae9e0952,김서진,Male,19,2005-02-04,서울 동작구 70로 66
9c89c49f-b96f-447f-9a29-9a7d2903a1ac,강우진,Female,37,1987-08-09,부산 해운대구 68길 26
76b931d7-9730-477d-b95f-7674475f6682,신지유,Female,42,1982-10-25,대전 중구 28로 80
61b8f91d-b0cf-4dcc-934f-9bb195b0c0a8,정지윤,Female,26,1998-02-21,부산 해운대구 1길 27
5d4b0eca-1bec-412e-8096-8c75d3a5aeb9,정소율,Female,37,1987-04-06,인천 연수구 23로 36
419673f3-324b-4ca1-b965-ed2f3de5a3f6,오은서,Female,36,1988-01-14,인천 연수구 39로 42
14b89966-edc3-4343-95d5-decc2ae36048,최민서,Male,31,1993-02-20,대전 중구 33로 50
23ed215f-6f25-448e-9739-5cb8a3f1993c,장시우,Male,53,1971-05-18,대구 달서구 10로 88
15e6a3e2-afd7-43f1-b7b8-321d8863396f,장하준,Female,29,1995-05-29,인천 부평구 63로 36
58287a29-32c2-42c8-89e2-a60cae0f8e5c,한지윤,Male,15,2009-02-26,대전 중구 65로 73
d414fa9f-331c-4372-a5cf-305d8e35f260,김서준,Male,20,2004-12-20,서울 동작구 82로 44
9b0d25f3-553a-45bd-8059-3d1b417b47bc,이선우,Female,38,1986-04-22,대구 달서구 20로 11
806918a1-b2a9-4c5a-a417-116229bfda46,서지안,Male,19,2005-08-12,대전 중구 55길 39
142896d9-98a1-4bd8-abf1-710b3bba6ad7,조도윤,Female,39,1985-04-21,대구 달서구 63길 71
0a2a14b6-cfce-4246-9d00-f0fb72a14e51,이다은,Male,14,2010-10-07,인천 부평구 85로 86
c1abe446-f87a-4745-a258-a227180adb05,윤하준,Male,22,2002-06-30,서울 동작구 22길 57
2018cda7-b0c4-4602-b731-1bb01b93a4f6,이지훈,Male,48,1976-12-04,서울 동작구 19로 8
672d2991-607b-4bec-9d7d-f4617b8d4558,윤예준,Female,45,1979-04-18,부산 해운대구 61로 80
813af00e-870e-423f-8240-5048f27a4280,박소율,Male,21,2003-07-25,부산 수영구 36로 73
32ade7d8-417f-4723-87be-296aebda95e7,윤주원,Female,17,2007-01-12,대구 달서구 6길 61
22bb8ad6-0537-4ed9-a598-a175109d83bc,조예은,Female,45,1979-03-12,인천 연수구 66로 63
229a8deb-437e-4ffb-9eea-01b5cd842752,윤지아,Male,31,1993-08-05,대전 중구 33길 29
e83e5c23-3372-44a5-bba8-2211a2a91f8d,정현우,Female,41,1983-12-30,서울 강남구 16로 55
7a142c1d-b0d4-4ac6-8174-caa423ae48f7,권예은,Male,51,1973-05-12,대구 달서구 88로 73
5846d731-c97a-43c5-a4e3-333cb1f1847d,박연우,Male,35,1989-05-29,대구 달서구 57길 52
73c2186e-102c-432e-93e8-3a4ac417fda4,조우진,Female,53,1971-06-18,인천 연수구 43길 80
ce6d7990-525b-48fe-a956-fd0112759f9a,정서현,Male,17,2007-09-29,대전 중구 84길 26
9495ceaf-8c93-482d-9afa-799b9765a64d,권서준,Female,46,1978-06-18,부산 해운대구 55길 38
b61fa071-3df5-476f-8a88-497039e3ac98,조민서,Female,12,2012-08-14,부산 해운대구 19로 8
c09fe39c-7e21-4280-bbfb-ef1538fd7501,신지윤,Male,12,2012-12-03,대전 중구 69길 75
db95d0f6-623a-49ee-b10a-03f45b0bfd73,윤예준,Female,22,2002-04-08,서울 송파구 60로 43
e33e749d-7925-4608-b7f3-a7ed47148860,서서윤,Female,15,2009-08-04,대구 달서구 80길 5
042611f2-9e74-43a8-80c6-5b352ca2e02f,임다은,Female,38,1986-11-30,인천 부평구 54길 36
0a15fc81-cd49-4026-a3f5-4dd5b6bc6404,장서윤,Female,35,1989-01-19,서울 동작구 88로 70
acc92524-718d-4ee5-bd6a-72c9ec6a41e6,정지우,Male,35,1989-01-28,대구 달서구 47로 51
b2acfa78-a107-4907-9401-5e5cc86f982d,최민준,Female,10,2014-09-11,부산 수영구 22길 10
81db7998-32f9-450a-a557-ce7894c31e19,조지유,Male,10,2014-02-02,대전 중구 75로 47
5d5fcdd3-3bdc-4bb7-9661-be730617a702,신지훈,Female,18,2006-12-15,대전 중구 20길 47
d49f7a0e-9b23-4aa8-860f-aa4389764c1a,강채원,Male,47,1977-09-25,대전 중구 18길 65
c3d3dbf3-fb4c-4dc2-879c-da13d0010424,윤도윤,Male,16,2008-06-16,인천 연수구 81길 45
a7a92806-7ee6-44f5-aa9e-12fd61c74d2f,서우진,Male,46,1978-03-30,부산 수영구 27로 59
872ffbd9-1d08-47b8-9406-b1d5935db881,이지훈,Female,54,1970-04-13,서울 동작구 29길 12
32c02dd0-4780-4cc1-8d16-e95d2926ad03,임수아,Male,33,1991-11-16,인천 연수구 12길 28
7fd78e69-29cf-403c-a979-2f0335a3550a,서하준,Female,25,1999-03-31,인천 연수구 65로 59
cee0e250-f170-499a-a812-2f7d0e42b450,김민서,Female,53,1971-02-05,대구 달서구 86길 74
78c617f8-b478-4d07-a335-e775c2cf3806,임소율,Female,37,1987-04-04,인천 연수구 1로 8
4468c899-e23e-465c-81ae-bbeb1e629040,임예은,Male,12,2012-03-08,서울 강남구 57길 13
23316361-2a8a-4507-9065-56e600121beb,서하준,Female,26,1998-08-11,대구 달서구 1길 69
6db211c5-e3ac-4e2a-ba9d-4f52a34cbd89,박지아,Female,15,2009-05-06,대구 달서구 63로 58
6421d5f9-ac63-4b1c-bfc2-9fd36edc74b1,임지안,Female,27,1997-05-26,대구 달서구 11로 69
d5587484-71bf-4fbd-800e-ff86e193c600,서지유,Female,14,2010-12-08,인천 부평구 15길 65
abdf25db-34f9-4491-8c6a-18972f128ba0,오하윤,Female,18,2006-08-23,서울 동작구 65길 13
04f21328-4a6c-4d65-8f98-b70f611e6a48,최다은,Male,20,2004-10-23,대전 중구 18길 20
2c448671-70e7-43a2-bb02-66b03dc6edb7,이도윤,Male,47,1977-11-15,서울 강남구 11길 13
ba75f20e-5d77-41c9-b366-16eb7ea1a94a,임예준,Male,50,1974-02-23,서울 동작구 15길 48
a06616d4-8997-48ce-a4d0-31e663b2828f,서서준,Female,44,1980-09-01,대전 중구 4길 43
9c7f8517-878b-467d-a713-15d077108a5f,임지민,Male,54,1970-12-14,대구 달서구 90길 70
bf4ff4b2-fa99-4ffb-b9d3-81052cd9000a,윤준우,Female,37,1987-01-18,인천 부평구 18길 59
0284c828-a400-4efc-81de-4708dc31d2d1,박윤서,Male,40,1984-06-22,부산 해운대구 74길 76
c6d30676-7bff-46d9-ab73-aedc84fa7047,이시우,Male,38,1986-08-24,서울 동작구 60길 68
cea2cf48-3e90-48f3-ada4-8c9c4768a72c,한지후,Male,42,1982-11-13,인천 연수구 28길 5
042cdbab-f40f-48e3-b6fa-dd4321fc3a56,장선우,Male,34,1990-08-28,대전 중구 62로 52
e82561ba-eb9f-45af-9a6e-3b5e71773d80,윤예준,Female,27,1997-09-27,대구 달서구 71로 12
d05952c3-897c-4920-b1b3-9c8f88d87b6d,윤은서,Male,11,2013-11-02,인천 부평구 3길 63
f78d0efa-f22f-4f5b-bdee-0968ffb6a843,한유준,Male,54,1970-05-28,대구 달서구 80길 68
58316d31-f95b-4f02-8fc5-df52f8dcfd74,정지훈,Male,46,1978-06-29,인천 연수구 64길 84
0dc61fe7-4a9e-4809-93ee-80e94a9d2817,윤우진,Female,45,1979-02-25,서울 동작구 70로 39
ef0f0074-c01c-4ff6-b7a3-0f2f7cf098f3,오민서,Male,27,1997-07-26,대전 중구 14로 69
b4c559b4-ccb1-4d68-83f5-129d53bff147,신유준,Female,52,1972-10-02,인천 부평구 77로 13
12f55344-568b-4549-aa04-749b359a6b8b,오지민,Male,32,1992-09-10,대전 중구 29길 79
036e47e1-acb8-44bb-b46f-00e06a720e26,신민준,Male,47,1977-09-23,대구 달서구 75길 3
e5ff3bb5-e4b1-488b-8242-045bb68b8ec4,임하준,Female,29,1995-12-01,부산 수영구 19길 1
a3507852-0e0d-4697-bbf2-2bd9c436502a,이지안,Female,17,2007-12-29,서울 강남구 29로 40
33326036-b9c0-47ba-a172-84b20ed124a6,신지윤,Female,10,2014-10-11,부산 해운대구 54길 72
ddd4cda9-4c09-4fd8-b9f8-47bf662548b8,임지우,Male,44,1980-11-11,대구 달서구 74로 21
0b532df1-e670-4990-9b54-65805a01a14c,권유준,Male,15,2009-12-23,대전 중구 58로 40
1761c822-c17b-4ccb-b4bb-798ca12d6cc8,조주원,Male,10,2014-02-23,인천 부평구 74길 65
81396c48-2439-41fe-ab9f-2fd29af2ece5,정도윤,Male,31,1993-11-08,인천 부평구 70로 48
a3c29b69-7d48-4f62-a429-f6906ba7aef8,정예준,Male,36,1988-08-19,대전 중구 17로 89
5a9d30db-32f5-44a1-909b-add2828cacdc,김준우,Male,54,1970-04-01,부산 해운대구 76길 65
385f83d5-0a27-4696-9d48-23ce51842450,조유준,Male,24,2000-09-02,대전 중구 12길 56
7f21e2a4-613d-45df-9e2b-23bc7f749072,강민준,Male,18,2006-12-14,인천 부평구 43로 82
9b9d382f-479a-4d7b-8ec7-82879410554d,권연우,Male,43,1981-04-11,서울 강남구 8길 35
22c13417-df6b-428f-965c-d21a2817736a,정시우,Male,52,1972-12-23,부산 해운대구 31길 43
7969d764-a47c-41e6-af59-61c1acc20aae,오준우,Male,16,2008-09-28,부산 해운대구 89로 63
a77af6c6-aebf-42de-aa11-78309da7b9ed,서준우,Female,45,1979-03-06,대구 달서구 1길 84
df12d6d9-ca3b-4f0b-bc6a-54a0b0dde64c,윤소율,Male,36,1988-09-01,대구 달서구 41길 20
761c72c4-6e46-4db0-8f7e-badba52d878f,윤지후,Female,10,2014-11-15,대구 달서구 23길 24
cfcd706f-dbe5-4b54-a519-f97494ce5490,조지유,Female,15,2009-10-23,부산 해운대구 38길 4
c94f50c2-691b-42db-8747-72c09ad718b2,오지우,Female,54,1970-01-07,대구 달서구 31길 33
ffc2ce7a-368f-44c2-8c99-b6bdc484c7db,박다은,Female,34,1990-09-28,부산 수영구 85로 20
553d2fac-85d8-401f-9262-482c87e9812a,권민서,Female,45,1979-01-03,서울 강남구 33로 56
3e24b33a-3146-4377-941c-15548454463c,권소율,Female,13,2011-12-02,서울 강남구 14로 68
65a9b3f4-5f71-4d25-8d40-3556c5d2d2e1,조하윤,Male,12,2012-05-28,대구 달서구 39로 84
ef35d596-caf1-4e78-b226-6afed0ec0008,박준우,Female,53,1971-08-14,서울 송파구 86로 90
a252f4ec-cf4b-4874-8c7c-d4f7d61af176,김은서,Female,37,1987-01-22,부산 수영구 16길 42
8ba29d2c-cb57-404f-980a-0326af30aa91,서지우,Male,23,2001-08-14,인천 부평구 9로 48
af2d1f94-8dfb-494e-8c2b-797ac05afe53,한도윤,Female,16,2008-07-17,대구 달서구 72로 5
699f06ae-87f3-4970-bca6-11d98f0c86a7,신은서,Female,22,2002-04-26,부산 해운대구 29길 8
8f735468-45b6-495b-ac82-b7fa5e57ba81,최서아,Female,43,1981-06-05,부산 수영구 5로 19
4f600eb7-ba9d-4578-bc14-21a81ff48066,정지유,Male,35,1989-08-17,부산 수영구 83길 76
8b4c7f6e-76c9-45bd-9f9b-4abf40d5a5f1,강하준,Male,12,2012-04-04,인천 부평구 84길 45
ee236ff8-a97b-4a04-aaa0-b69799c6bc2f,윤유준,Male,23,2001-01-31,부산 수영구 29길 32
2a16164b-bd7e-4182-b1eb-6264e202c6a9,장선우,Female,49,1975-03-11,서울 동작구 72로 53
4db57051-c58f-46da-82b4-d982981d3d7e,최소율,Female,19,2005-01-07,인천 부평구 45로 5
1dd98373-210e-45f0-9be0-5fbf5a71c36c,장하은,Male,18,2006-12-15,대구 달서구 45로 43
59cb3fbf-7d11-468d-bff5-d62024edc900,권지호,Female,25,1999-10-13,대전 중구 24로 48
1df49e16-5e17-4ee9-84a1-3e0c0fba8ab5,윤소율,Male,40,1984-02-18,인천 연수구 72로 84
97f7f19f-5dbb-455e-8dd1-a4e4bb6126fa,박민준,Male,54,1970-12-16,서울 강남구 15로 43
390b4c35-2d93-48b4-a512-abbd1f262fab,한도윤,Male,35,1989-07-04,부산 수영구 74길 33
aba4717f-a4ca-411d-a82b-e788f402d2bb,신연우,Male,13,2011-05-02,대전 중구 33길 70
2c12bb72-3f2c-42d5-abcf-defd6ee02f6f,박서진,Female,18,2006-10-13,서울 동작구 24로 21
d6cd34bc-403f-4daa-bd1e-ccbe55775cb3,최은서,Male,15,2009-10-11,대구 달서구 41로 60
dbaa08bc-791a-4cab-88a4-b76bd97843d1,한도윤,Male,27,1997-09-12,대구 달서구 9길 41
56d40b23-92b2-43f0-bf11-61161fc96067,박도현,Female,18,2006-07-04,서울 동작구 86로 17
5333eecf-066d-40a8-8a3e-c6c0ef1574f7,한은서,Female,14,2010-09-06,인천 부평구 69로 58
8f620173-2f1e-4002-be67-65c8425c3db8,한은서,Female,24,2000-06-07,인천 연수구 69길 78
77d81455-62f7-445d-b84b-69efcc8e6146,강예은,Male,51,1973-02-23,대전 중구 10로 52
10277e30-e376-4f85-a9f4-d89c54c3129a,김선우,Male,35,1989-02-04,서울 동작구 30로 36
f54fa153-f0ce-4edb-9fbd-71430966d748,윤지훈,Male,47,1977-05-04,서울 송파구 53길 4
cab46881-6359-49bf-930a-ce5f2c9b0088,오서준,Male,26,1998-01-13,인천 부평구 59길 6
8e980775-2d90-4b40-912b-7596d72b0b27,서하준,Male,50,1974-08-29,부산 해운대구 8길 70
c083fca1-f619-47bc-97cc-2a3c89fd9c8e,박지호,Male,42,1982-02-09,서울 동작구 3로 34
0d4555e8-8789-4456-b07f-36c93ae3327f,김지후,Male,11,2013-07-09,대구 달서구 37로 48
12394859-bcfc-4673-a5f8-c923746319ee,장지후,Female,16,2008-11-20,인천 연수구 90길 26
e86ac725-6944-4834-af22-0d7f457962b3,권서윤,Female,16,2008-02-15,인천 연수구 30로 87
c6c4f262-854a-4624-b2da-0a0c1e669a3d,권지윤,Male,29,1995-09-21,대전 중구 12로 42
d6bb99ba-322b-4d76-83ce-d4ee57f06c8c,박지후,Female,20,2004-12-28,서울 동작구 34길 10
1db9828e-61e2-4c91-bb5e-0d4957da6146,권지민,Male,27,1997-07-26,대전 중구 44로 89
d8e7ee28-6789-4586-bf6f-088d0a055d1f,한연우,Female,54,1970-07-12,인천 부평구 39길 65
a8a52c87-df1c-4f73-871a-9fca5e29e424,서수아,Male,27,1997-11-10,서울 동작구 32길 28
4c845eff-b94e-455b-ab66-d2b8e0a00ab7,서지훈,Male,12,2012-09-17,서울 송파구 76길 85
0198ec19-33ea-4c71-80af-f494628d01bc,정하준,Female,43,1981-12-27,대전 중구 36로 82
1b662b21-44e1-4484-8d2f-a48d2af89045,이소율,Female,47,1977-05-04,부산 해운대구 27로 88
459a2d01-77a4-4802-a329-ca0f7555e819,강서아,Male,46,1978-12-27,대구 달서구 40길 66
c7250c66-386d-4254-bced-55a70288dc47,정시우,Male,19,2005-02-23,서울 동작구 66길 24
d5849161-ae0f-452e-99cb-0614d9fc8123,신준우,Female,35,1989-07-28,인천 부평구 54길 32
f5ae9b9c-15b9-4b47-bbfa-efd83e43eaee,이지안,Male,14,2010-02-11,인천 부평구 54길 10
17621d50-0f62-4b1a-b1fc-6087865253dd,오현우,Male,43,1981-06-26,부산 해운대구 19로 3
424f28d2-94a4-4779-9c80-f324b17cf165,장지후,Male,17,2007-02-27,부산 수영구 31길 58
0d065e75-f9a0-433f-b7fd-85ab51e40330,임현우,Female,12,2012-02-13,서울 동작구 70로 76
359f62ff-54ae-4775-bb75-b38bc1317200,정소율,Male,49,1975-05-28,부산 해운대구 17로 42
9995fb81-7741-4f9b-8957-826aa63389cf,최연우,Male,46,1978-03-29,대구 달서구 41로 54
f02c1033-d541-4c0a-8d42-3c2fa1ddeadf,윤서준,Male,49,1975-09-04,부산 수영구 9길 51
07a0322f-8334-48bc-bd93-4351a91393b6,이연우,Male,33,1991-09-15,서울 강남구 65길 74
ac9505b4-8325-47fe-b14d-8598930fa09b,임하준,Female,33,1991-04-27,서울 송파구 20길 69
4ec06aba-c76a-4b73-ad28-8f75bc5cbf5a,신서연,Male,53,1971-10-28,대전 중구 43로 55
c0c07e83-fdfe-452b-81f8-6a85d025577a,장시우,Female,27,1997-12-03,대구 달서구 38길 39
ea26d12f-c2ab-4876-a4bf-5235020a00ea,서지아,Female,54,1970-06-24,부산 수영구 11로 82
4e969f26-f77d-45b5-a3f9-ee4860b21243,이서연,Male,14,2010-03-26,대전 중구 51길 43
e1d376ae-e1ea-4b9f-bd51-5ad30ea325d6,이지호,Female,26,1998-06-04,대구 달서구 67길 37
6127070b-0fde-41f2-a533-597ce446ea98,김지우,Male,17,2007-03-28,대구 달서구 20길 8
be448a9a-241e-4614-96e5-d9acc4a30e9c,강지후,Male,12,2012-04-07,서울 송파구 88길 65
a937f8b1-e5bf-4bbe-9e80-1f7de089c923,박유준,Male,43,1981-06-03,대구 달서구 21길 38
98cbbc12-59a7-4aab-a199-4ddf51fdce7d,최선우,Female,44,1980-09-25,대전 중구 12로 6
7e880414-4fc7-4458-8633-6889ec6b0763,박서아,Female,46,1978-08-28,대구 달서구 59길 55
60ced9db-b319-4bf2-a1a0-4fd2cc3e2263,박지아,Female,51,1973-06-11,인천 연수구 90길 7
65ae6b1b-2965-4d07-a3df-7e7d2ef664ae,정하윤,Male,53,1971-01-03,대전 중구 47길 79
7bf82af8-3628-472f-9802-7689a1c61d56,서준우,Male,17,2007-02-23,대전 중구 90길 49
69b8b67a-c83e-46bb-b942-bb4a17b11d93,임도현,Female,15,2009-04-06,서울 강남구 8길 26
09cc2ec0-de8f-43bc-9dea-18982964d143,장서현,Male,35,1989-06-09,서울 강남구 2길 18
7cbab5d1-7e48-4234-b83f-f0e2448a0572,신현우,Male,11,2013-09-30,인천 연수구 81길 53
32bb58d9-2bab-4a80-879c-0c5407aebe23,강지훈,Male,43,1981-10-16,인천 연수구 62길 39
20308e92-cf0b-444d-b157-439fbbb75fc4,이우진,Female,33,1991-09-26,대구 달서구 33길 74
c55932c0-fa3f-445b-9c45-665a9c986c63,오서현,Male,30,1994-03-02,대전 중구 60길 61
f0dec3e4-4f00-4cd9-8113-d8b5e88f3357,신지후,Female,40,1984-05-13,부산 수영구 25길 76
8ebe88dc-a3ab-45a2-af9c-c2f52bd8fe17,오지안,Female,29,1995-07-14,서울 송파구 41길 58
f5c39cb2-521f-4b6d-9c21-e3f675e7c8dc,김지유,Female,54,1970-03-17,대구 달서구 63길 88
f5b5b55d-2025-4ac9-85d9-0c1e707b4a63,임예은,Female,26,1998-01-26,인천 연수구 68길 33
f8639ef3-e17a-4aeb-ab61-f9a4e1250b29,한은서,Female,26,1998-02-22,대구 달서구 40길 62
55948c06-bbfa-4a4a-95a8-514b158dc0c6,한다은,Male,38,1986-02-10,대구 달서구 22로 83
cc035196-80e0-41ef-bf47-0d5ecb6d8605,조현우,Female,11,2013-01-27,대전 중구 83길 62
d300e0d5-fe22-4b51-a31f-367cb0fc0012,오서현,Male,17,2007-12-30,대전 중구 34로 20
a5a4c8e1-dad4-4c7f-b3cb-fa0b8efdb4e3,이준서,Female,50,1974-05-03,서울 동작구 39길 35
bbc6a66a-eaec-48ee-b8a7-b6a456a9910e,서서윤,Male,50,1974-10-28,대구 달서구 46로 32
8d0854e2-a16f-47f5-a0fc-414aaeaa2b39,장도현,Male,40,1984-07-22,인천 연수구 2로 8
f8f555dc-6ac9-4a89-946a-b536c7ef1bab,임선우,Female,17,2007-08-14,부산 해운대구 71길 70
e5a98052-3515-44b0-a68e-edd1afd7a4ce,임하은,Female,22,2002-12-20,부산 해운대구 11로 41
a0368e87-a58f-4266-814d-57e563705184,임민서,Female,32,1992-03-08,서울 강남구 27로 11
bf1414d1-5019-4c75-8c66-24a5e4bfc925,장하윤,Male,26,1998-03-13,대전 중구 72로 16
4daf4255-283f-4cc3-b984-2e33caab8c9c,최우진,Male,23,2001-04-24,대구 달서구 28로 79
4147a061-a17a-4337-90dc-2a99aa87555d,김현우,Female,35,1989-01-07,서울 강남구 70로 87
85e737bd-a270-4e2a-9da6-90de922f555e,최채원,Male,11,2013-04-20,대구 달서구 74로 65
077082be-c2a7-45cc-941a-c292a97b9bd3,권서진,Female,28,1996-05-11,서울 강남구 41로 36
fa35049c-cc01-45b6-9e45-1a6b6c4974ab,권서아,Female,22,2002-09-08,대전 중구 9로 25
cd8d9192-98a0-4a8f-a93f-b5d2fd057f24,오지우,Male,45,1979-07-22,대전 중구 46로 85
e1922891-c83a-43c9-8046-2bd13cb682a2,윤유준,Male,40,1984-05-26,서울 동작구 21로 82
7f82f793-311a-412b-83a7-d5453d329d3e,이우진,Male,47,1977-03-18,서울 동작구 61로 87
a989a929-d8da-49e6-9dfc-36408b431314,장서준,Female,50,1974-05-05,대전 중구 13로 88
45123adf-7696-4a69-9e04-c98f1a64b7d8,오예은,Female,21,2003-09-21,부산 해운대구 82로 18
43ce045c-27b2-4809-aecc-fa9159de5f86,강지안,Female,37,1987-03-15,인천 부평구 51로 43
6cb09efe-feb9-4ef7-a0b6-ed055a7a45af,신서아,Female,16,2008-03-15,서울 강남구 80길 30
8a2ee16a-897f-40df-bee3-ce210eefc998,장서연,Male,50,1974-02-12,서울 강남구 88길 11
6d09c5c0-90cb-421d-8fb8-12e6526df6f1,이지후,Female,28,1996-01-08,부산 수영구 37로 50
fb58ebf3-fd79-4ee6-8bb7-2decefcaad1e,김하은,Male,46,1978-12-20,인천 연수구 70로 32
a8f45dec-e93f-4227-83d9-098e9d7ad8d0,김준우,Male,54,1970-01-16,대구 달서구 12길 24
a804852b-d494-4225-b179-a2b5abb4f299,한도윤,Male,39,1985-01-23,인천 부평구 50로 55
5bdefe68-9ec3-42b0-9549-cdc2fb937183,김민준,Female,54,1970-01-09,대구 달서구 60길 68
2f723059-6195-41c6-ac49-591690d6d99a,김지우,Male,14,2010-10-26,대전 중구 17로 11
36b86670-cd7f-4f70-8038-ee8c2d763198,윤준서,Female,32,1992-06-08,대전 중구 31로 51
37ee2683-7534-43e5-988d-5a3e051650c6,강지윤,Male,15,2009-07-18,인천 연수구 79로 9
02d8d823-e01f-4eab-bca6-0a82c0941e6d,박현우,Female,32,1992-03-18,서울 강남구 83로 40
b7e3aa28-0bfa-4029-9a16-465ebdb236f7,강하은,Female,32,1992-10-01,부산 수영구 29로 63
bd966fcd-aa86-4983-b050-40e8544afacb,이지유,Male,18,2006-01-25,대전 중구 88길 15
956ff327-1882-4e15-a839-24c36bc9cf10,장건우,Male,49,1975-11-07,부산 해운대구 64길 87
9afa5035-e5a8-428a-8714-33dd7c66bc6c,정우진,Male,32,1992-01-08,대전 중구 85로 90
ba239fd0-efd1-49f7-b3c8-ad3ae73cf151,서지후,Female,43,1981-10-25,대구 달서구 29길 78
6d99acdb-a88b-42fb-be7b-7ca4b7f45ea0,김은서,Male,11,2013-03-12,인천 부평구 64길 79
b4e9925f-fa62-4ddb-88cf-b2c42454d464,장준우,Female,19,2005-02-19,인천 부평구 20길 2
23c9eb0b-1ee5-4e53-9722-83c1d0455a9a,권소율,Male,14,2010-08-29,대구 달서구 66로 63
76e6d932-1c68-41dd-a231-494ad425d685,강지후,Female,20,2004-06-29,부산 해운대구 10길 78
60d1717c-c43c-4945-a20f-cf45eb7477f2,이지유,Female,20,2004-01-08,대전 중구 73로 49
e5ac3dee-398a-4f65-b1ef-1f471f863ec1,정서현,Male,52,1972-10-20,대전 중구 80길 21
8bb08e90-0006-4628-a28b-c15b57317570,이서준,Female,41,1983-11-04,대구 달서구 72길 89
73a3af25-c196-4c9e-a0b2-ac02506c5f03,한채원,Female,49,1975-12-22,대전 중구 35로 53
13ad4747-50d6-44d5-9eeb-5b284c9286d8,오하은,Male,19,2005-08-18,서울 송파구 38길 14
9778abf2-2440-4d5c-9371-2bf1bb64f437,이도윤,Male,32,1992-12-18,부산 해운대구 81로 30
ed71fe9b-cfb4-43e4-9a3e-c66d1c853e37,장서준,Female,54,1970-09-05,대전 중구 23로 40
d82b7cb3-079c-489f-bf52-17e4600e5358,장은서,Female,50,1974-06-01,대전 중구 76길 70
ab43d180-d41f-402c-8ed2-f2f73560ca92,조하윤,Male,42,1982-02-12,대구 달서구 83길 32
663daf4f-db16-4687-a59f-431430445273,박예준,Male,39,1985-05-15,인천 부평구 20로 54
14b5a2a5-18fb-4c09-9faf-d21aec26ba41,장지호,Male,11,2013-08-28,인천 부평구 12길 39
4251996a-c788-4ec0-b6f4-0a1a0d76b994,장도윤,Female,25,1999-10-08,대구 달서구 59길 74
311754d7-c442-4c2f-a751-e5a1693f5e0c,권하은,Female,31,1993-07-15,대전 중구 53길 47
58aa51e4-313d-49fc-b886-cd66dceb0b88,조서아,Male,14,2010-11-12,인천 연수구 52길 10
0112fb63-aeb7-4652-a420-8a0d4cf5e758,박준서,Female,13,2011-02-01,인천 부평구 74로 6
5c5b9ac4-414e-4eac-8d64-653e14b906b4,장서연,Male,33,1991-02-16,부산 수영구 59길 51
201203ab-1491-4f3b-9459-a3f012233276,조연우,Female,23,2001-03-28,부산 해운대구 74로 62
b456c5ed-440f-406a-96b4-5600039cccad,정소율,Female,39,1985-10-24,대전 중구 71길 82
49e0cb5e-a506-4482-9ac3-c4ac32bd1419,신윤서,Female,10,2014-11-17,서울 송파구 41로 62
4ed93ad4-b6b2-4031-8dd5-e6947f2377ac,신윤서,Male,18,2006-06-08,부산 수영구 37길 37
65d12148-8c17-4d6e-854c-a2ea05c3c9a7,신지훈,Female,37,1987-02-14,대전 중구 16로 83
e8821e85-bbc8-43ba-b304-3c824b432f57,장서아,Male,28,1996-07-08,인천 부평구 60로 22
aacc2199-b02e-4448-b33f-72f1643f6b61,권지후,Female,24,2000-12-09,서울 송파구 3길 61
1a383341-89d7-4e31-83ea-d7c0819518b9,정예은,Male,35,1989-09-03,대전 중구 61길 77
ef55dd3e-8d9b-4751-aff2-c2d2ad51bac1,조하준,Male,25,1999-11-29,서울 강남구 48길 37
340b8def-5ddf-4306-8540-f16d5e3f253d,조선우,Male,52,1972-02-28,부산 수영구 46길 9
6dfe6478-c17d-4021-842d-a7c7562e9090,정선우,Male,50,1974-04-03,대전 중구 26로 81
406653a1-2eca-402b-ae7b-a7c71d7132d3,서하준,Female,43,1981-06-16,부산 수영구 69길 58
9ae0fc31-4ae3-4dfa-8d6c-c7951beeff60,정수아,Male,21,2003-05-22,부산 수영구 67길 9
374b4f8b-2e03-4bb9-85f4-c4e44c82dbde,김건우,Female,31,1993-01-29,서울 강남구 74로 13
0964f022-90f9-4c59-b852-11b3cbd0b668,한서현,Female,48,1976-09-30,인천 연수구 6로 10
36181d18-b4dc-40da-b0c9-2f28ee1c69f8,조서윤,Female,54,1970-05-17,대구 달서구 23로 67
1ea63378-920b-42a5-b6f1-d666537bf246,장민서,Male,34,1990-01-04,인천 연수구 68길 35
967bfa21-53c8-4af7-86d8-1a768732574d,윤준우,Male,30,1994-03-14,대전 중구 2길 39
6e38b9b2-4ff9-4728-b9e9-f0f19c08d521,김서진,Male,34,1990-10-18,부산 해운대구 81길 32
cae6735e-1ea8-4815-b7b9-2edd15e1e15d,서지훈,Female,37,1987-05-04,대전 중구 86로 58
fdea1d1b-a1e1-4438-bcad-aa518465c998,임지유,Female,14,2010-03-13,서울 송파구 9길 34
a57d6926-4959-4c9b-a242-5488cda20107,서지안,Male,29,1995-01-29,부산 수영구 24로 78
b2ab0219-67e8-4ed4-a205-46c9223813e9,서선우,Male,39,1985-10-06,대구 달서구 25로 74
ced1b0a9-4d59-4c96-b686-29347231ce69,권준서,Male,47,1977-06-09,부산 해운대구 2로 2
041de466-b280-4e1a-9316-f32400500375,김도윤,Male,10,2014-07-07,대전 중구 7로 39
009b765b-5c20-4219-b870-497c8d0058de,권지호,Male,19,2005-06-06,대전 중구 51길 4
dbd75bc6-84d9-4410-af2c-d767a2dd0f25,윤지호,Male,47,1977-08-27,대전 중구 24로 53
c45a9fc0-62ea-4383-be9f-87ad4d2c8ed6,정건우,Female,19,2005-07-08,서울 동작구 77길 80
41690c7a-9524-4ce3-96f5-8c161863824e,정윤서,Male,31,1993-03-15,인천 연수구 57로 40
e62b3090-861c-47ae-b543-b68cf762c433,오서진,Female,47,1977-02-01,대구 달서구 43길 66
605f688a-be4c-40c8-aa01-64608e1a935a,신하윤,Male,34,1990-10-31,대전 중구 6로 82
46917735-6a32-47c5-a0a7-61a84bfc60cc,최현우,Female,38,1986-05-11,대구 달서구 60길 9
38438887-51e0-494a-bf7f-071db7f994ea,한서윤,Female,44,1980-06-15,대전 중구 24길 62
72500b46-b0dc-4c76-b8bb-1cfc40e8ca30,강지아,Male,16,2008-07-04,인천 연수구 23로 64
254b8804-c289-4b74-83ce-091c0fb6e586,서선우,Female,38,1986-11-23,인천 연수구 28길 66
c475fcc0-2587-4b74-8630-3dc72b5aff0d,김서윤,Female,27,1997-11-07,대구 달서구 77길 56
24d9104e-2291-4e83-a9b9-fb0f33dbfbee,장윤서,Male,26,1998-05-14,부산 해운대구 19길 76
65c33fac-e703-4979-a796-0e1e167ce368,정도윤,Male,29,1995-09-14,인천 부평구 7로 61
4245c623-c5ba-433a-9b22-d8140f694da4,권하준,Male,28,1996-05-31,대구 달서구 51로 79
5ce8550b-b558-425e-9c58-4c6c87b2f64c,권시우,Male,38,1986-09-15,대구 달서구 83길 20
90b3774c-2e6e-47f5-a1fa-dd3d24cd171b,신하준,Male,22,2002-02-04,서울 강남구 52길 32
46c0eb90-5cc2-40d9-924b-6473e19bb2a5,신주원,Female,35,1989-07-22,인천 연수구 59로 73
258206d2-012b-4a6b-9054-b1873d5bb453,장서현,Male,54,1970-10-23,부산 해운대구 44길 22
9fc3594a-a80f-4463-b1c5-9c0e253ca7f7,김지호,Female,49,1975-03-14,대구 달서구 9로 38
7a905c34-04a5-464c-970f-03a62bf61595,이지안,Female,43,1981-10-19,인천 부평구 56길 45
3d0b208c-9777-4e92-9f75-bcf18f87e7fa,윤소율,Male,18,2006-06-07,대전 중구 58길 52
55a90281-c102-41e4-8bb0-0177bd9b3139,윤우진,Male,34,1990-06-16,대전 중구 47길 89
4afb2dc3-d2c3-498e-8e32-81e74666f800,오건우,Male,25,1999-06-08,대전 중구 24길 71
082bf9e8-a7db-464f-8286-9d5d300fdf25,장하준,Female,40,1984-04-18,대구 달서구 8로 42
f386e09d-56df-4a66-9f60-190563f9c723,한다은,Female,13,2011-09-01,대구 달서구 45길 29
e33c19a9-f5ec-4044-92d7-59f6f33aa6bc,장다은,Male,26,1998-07-04,인천 연수구 72길 62
21f3dbc0-b519-4d72-8af8-6bacf8ba2b6a,최도현,Female,42,1982-02-12,대구 달서구 46길 36
17266e24-cd87-45a5-a92e-576d72a65da4,권서현,Male,33,1991-09-02,대전 중구 88길 76
0686d343-92fb-4eac-a796-1b59f14115e4,권유준,Male,28,1996-03-14,인천 부평구 35길 9
f2d1370b-dfeb-41d1-aaac-c06f34fe208e,최도윤,Female,52,1972-03-23,서울 강남구 39로 1
bc121660-dc2b-4b7c-9380-f02a1d27ce17,윤서윤,Female,25,1999-10-12,인천 부평구 55길 45
c9f095a4-f375-4729-9296-4e15216cf267,정지민,Male,28,1996-02-13,서울 송파구 14길 30
69ab5733-797a-444d-841b-cec1a166cdc3,정서준,Male,49,1975-05-11,대전 중구 8길 47
9ff0344a-d1bf-49e8-9ef7-9ef8616a56a2,정주원,Male,40,1984-06-29,대구 달서구 46로 57
cc7cfa96-4f12-4950-938e-6dc820e29c0e,신선우,Male,32,1992-11-06,대구 달서구 72길 22
56cbcd46-696d-4db7-9edb-5af5ce1ccd64,한하준,Female,29,1995-12-21,인천 연수구 18로 54
131ff682-1fbd-4e2c-918b-8948bfc74578,이지윤,Female,25,1999-11-05,부산 해운대구 66로 89
1635d32a-5d04-4fa1-b4f1-b3dd9622dc55,김지유,Male,22,2002-01-04,인천 연수구 30길 44
3a049034-deda-4cf6-ac1e-aa812b85fb5f,서연우,Female,20,2004-06-06,서울 강남구 77길 86
01278892-5698-4e21-9c82-e92581018d03,박서아,Female,17,2007-08-22,서울 동작구 19길 90
d8c030cd-f1cc-405b-be42-f2011acbd3bc,강소율,Male,29,1995-05-07,대전 중구 51로 26
391e8cbb-3d44-42e2-805a-b59ef31f0070,윤주원,Male,28,1996-01-25,인천 부평구 84길 27
4ee30043-d14a-4173-8a1f-2718cd4d8cdd,윤도현,Female,48,1976-08-02,서울 동작구 39로 79
41f17fe7-7f0a-4552-9e9b-a3bf106f0b4c,임지유,Male,44,1980-11-28,대구 달서구 52길 75
36230f7e-7188-4279-96c5-b96e5e8da97f,김주원,Female,39,1985-05-09,서울 동작구 50로 62
87cfd90e-3e92-4fee-a4cb-208b72542f09,장소율,Male,33,1991-12-08,부산 해운대구 66길 13
b07cf6e0-d230-45b4-92a2-019188f0e8dd,박주원,Female,26,1998-09-04,부산 해운대구 51로 35
6994631e-e122-4428-ab10-773fa3abc35c,이지아,Male,14,2010-03-23,인천 부평구 16길 51
873f4cff-886d-4ab1-bbfc-f30296d973f4,서도윤,Male,15,2009-05-22,대전 중구 49로 46
b7af404c-4bb2-4be7-b3e7-8f60a60658e8,신도윤,Male,44,1980-01-09,대구 달서구 46로 47
8995aac0-c3f9-4491-bdb6-a07e7c322701,신지호,Male,46,1978-11-03,대구 달서구 40길 5
596e5ed5-b8be-4101-9a3b-176e34b4cc41,오연우,Female,33,1991-03-28,인천 연수구 63로 7
7b3d1237-3357-449f-bc3d-57b330bc802b,임수아,Male,29,1995-04-29,부산 해운대구 88로 70
5d00fdb6-18c1-4136-8790-9551c7f3e598,최준서,Male,50,1974-06-06,대구 달서구 4로 14
fe687be3-b011-4a12-bc81-4b74b80a0666,임건우,Female,38,1986-04-02,부산 수영구 41길 2
714f8972-20f3-4aad-ae19-7f7cb17be333,박하은,Male,54,1970-01-23,서울 동작구 53로 69
77436fad-d1e6-4b6f-b7ab-b639e98dba82,김연우,Male,27,1997-03-23,서울 송파구 6길 83
826f6099-d765-43a3-9fe8-ec5748e6d7c7,오준서,Female,36,1988-09-29,인천 부평구 11길 17
eda54d95-e1fe-4471-bef3-d0b999415bd2,최예은,Female,18,2006-04-09,부산 수영구 72로 90
52513f6a-2233-4fd0-adaa-000903299069,서지우,Male,18,2006-07-11,부산 수영구 23로 29
1a4fbafa-85dd-47a6-8399-dc126ba3b1ed,최지훈,Male,12,2012-04-09,서울 동작구 38길 77
bf4c71a6-8c6a-4eb5-9e02-33eacdd31bdd,서도현,Female,37,1987-05-15,인천 연수구 32길 35
fd63faf1-0c18-4d7c-b425-f9c149ee12d5,윤지윤,Female,38,1986-02-23,인천 연수구 36길 22
69fcc633-bbb4-455d-aa85-6ddffac36122,윤지유,Male,31,1993-04-04,대구 달서구 47로 60
bb76da31-2a93-4e26-9ce2-b60e23c06b0d,윤시우,Male,44,1980-08-20,대전 중구 51로 78
43e02905-1d43-4dd4-bf87-97fbd1e47cfc,서도현,Female,14,2010-10-28,대구 달서구 33길 21
9cb23251-72fd-4314-bc6d-bb8ab58d3ecc,오지아,Female,16,2008-06-09,인천 연수구 11로 33
b49e7dea-9770-470c-b7da-e49d1d1b190a,윤민서,Female,38,1986-10-27,서울 강남구 34길 80
de5b6fa3-89dd-4b77-8d6a-15aa7732c7ee,이서윤,Female,23,2001-11-20,인천 부평구 77로 73
509898eb-7f28-49a2-862d-d5aefe7f5379,신서현,Male,13,2011-11-12,대구 달서구 56로 14
81bd7655-3a28-478b-a6bb-e86070be4df0,박준우,Male,50,1974-03-30,대전 중구 89로 6
01dcb30d-69d0-4888-bb04-0f3bc6c01273,임우진,Male,18,2006-10-09,대전 중구 78로 28
9a472259-3c77-470d-a973-0e7a09f35d23,서연우,Male,17,2007-07-29,대전 중구 38로 24
cfc449de-8065-4716-8b0f-1c1c2d04551a,서하준,Male,46,1978-06-10,부산 해운대구 25길 11
778cf823-283a-4547-aa67-c6f4d50afa36,이지후,Male,15,2009-05-22,인천 부평구 22길 13
37e715aa-5e09-4f4e-a295-d5e9b27cd31a,강시우,Male,22,2002-02-12,인천 부평구 72길 29
51b48a77-7b14-411b-9ba1-6d32ee5e0b91,한지훈,Female,32,1992-11-06,대전 중구 38로 25
b0acf318-0e8b-444c-8a64-036ea221ff23,한소율,Male,44,1980-07-09,인천 연수구 46길 31
ebbbcf5c-2f32-4344-9683-349b3f830978,한준서,Female,23,2001-12-19,대구 달서구 55로 29
0bbba3e3-0318-4364-b796-4582325f4475,최지안,Male,29,1995-09-08,대구 달서구 16길 77
b52f6116-75c8-4f20-abf8-53bb3c2951c9,권건우,Female,32,1992-11-12,대전 중구 47길 47
704ef246-1d82-47a1-9ee8-7a3390547017,박다은,Male,31,1993-12-19,부산 수영구 35로 11
2b006131-4791-4bf1-bd37-5ea837692c71,장지호,Male,33,1991-04-28,서울 동작구 36길 74
c5e11072-1f69-4256-8e16-769ce7b3c043,이건우,Male,27,1997-04-06,인천 부평구 4로 54
5f80e168-41cd-4fb5-a068-63f1c911ef98,박현우,Female,30,1994-07-10,서울 송파구 73로 24
a5cdab4b-7ac2-4258-8788-0c02e3a62fed,이민서,Male,41,1983-12-05,부산 수영구 48로 74
ae4c13ed-093f-480e-b962-57ac619ac439,신건우,Female,20,2004-11-25,서울 송파구 13로 58
8b7bbab8-c41d-4fad-90bb-27f7ade010d5,한수아,Female,31,1993-12-08,부산 해운대구 49길 74
1a93d1c5-b26f-43bb-96e2-7d4d67a5819e,임서윤,Female,40,1984-03-26,서울 동작구 63로 37
408d25bc-63e8-4015-881f-bf26f71daa2e,한소율,Male,50,1974-08-30,서울 송파구 2로 56
eb90ca8e-faab-4afc-a0c0-c95c6e591871,박준서,Male,44,1980-04-16,대구 달서구 7길 6
7192f218-854b-4cdf-89fb-344d07a21a3d,강서준,Female,32,1992-01-02,대전 중구 47로 7
11d77964-7af8-41a2-9ff1-132508cdefd1,조민서,Male,22,2002-08-04,대구 달서구 33길 82
4d687095-ee83-40b8-b80b-ebe88e1b4968,이민준,Male,42,1982-05-01,부산 수영구 7길 56
17c3feaa-83fa-4911-bf25-5fe3950fd612,정우진,Male,23,2001-11-21,대구 달서구 80로 66
a50951c3-9046-491b-bc23-957f911d7d35,김시우,Female,26,1998-07-27,대전 중구 84길 17
e2ee20c2-8626-499d-ad94-33ed3a583e4e,장지윤,Male,13,2011-03-24,부산 수영구 35로 75
b72693a3-3a0b-4b88-94c2-17a9044ac031,권지호,Female,10,2014-07-15,부산 수영구 74로 83
6daee0e3-2ffd-4f4c-8f97-b69054edab6b,권지아,Male,32,1992-07-04,대전 중구 46로 6
5cf91282-fb62-46e8-852f-5f17cbe499b7,김민준,Male,17,2007-06-24,대구 달서구 70길 75
aaa99042-4ed0-4ed4-88c4-7c6b4e44e13b,권준우,Male,41,1983-03-14,대구 달서구 72로 17
3605f478-bb0b-41d6-aaad-3af2841a7f44,정선우,Female,52,1972-04-13,대구 달서구 47길 49
8c3d2f98-a9d3-4127-beea-31ee444d39a8,박서윤,Female,49,1975-09-22,부산 해운대구 85로 64
1a51793f-1447-4e03-b246-b6b19967a2d4,윤하은,Female,28,1996-05-17,대구 달서구 38길 32
0d2fa367-8fa6-4306-9138-f0c82d0b99c3,한지안,Male,41,1983-01-14,대구 달서구 69길 19
03a0ea3d-b1c0-443b-a3c9-df61e3a5f260,강서진,Female,48,1976-01-11,서울 강남구 12길 17
ab8c5cd1-6a6a-4336-9fa7-62b119ec7872,오지유,Male,52,1972-07-17,대구 달서구 66로 87
38f586b7-b0d0-4307-9709-4477f4a87a6b,한지호,Female,34,1990-06-03,부산 수영구 73로 30
71074965-e9e5-4507-955e-5e2d558349dd,서지유,Female,11,2013-05-13,서울 동작구 57로 81
33abaccb-c9b4-4750-8ee8-14052a8f2f17,조수아,Female,28,1996-02-07,대구 달서구 89로 87
9d929da6-7005-49a6-86ed-5782ac7cc233,이서연,Male,53,1971-01-26,인천 부평구 66길 51
8caffb53-7156-49da-9b4f-5ee586ccaaf2,권지훈,Male,16,2008-08-25,부산 수영구 53로 32
258f9b97-892d-4281-8ea2-8aed69d1c24f,조지호,Male,50,1974-06-04,대전 중구 82길 34
327bd05e-78f7-4892-a3ea-6cdd7a8d5c15,박건우,Male,35,1989-04-22,인천 부평구 21로 20
97ad635b-df12-430c-8158-0c57e64c5ab8,정유준,Male,11,2013-09-17,대전 중구 47길 42
dd3a60f4-7811-4bed-9d84-7ab5e96c0671,오선우,Male,44,1980-11-24,대구 달서구 66길 54
d9aed493-6fff-4b46-98c9-72a73dc9c702,박지호,Female,10,2014-08-14,대전 중구 65길 6
b1e46048-2caa-4734-934f-cba9cf2defc4,최하윤,Male,54,1970-07-28,서울 동작구 79로 20
8ef9014a-eef9-4433-a969-002ef3b6415e,오건우,Female,39,1985-02-12,서울 강남구 37로 42
03d74454-186b-4967-a915-955f1a71f507,강지우,Male,38,1986-05-01,부산 해운대구 41길 48
ff993407-1857-40a2-aa3e-f6bd27d88659,윤건우,Male,32,1992-12-30,부산 해운대구 75길 73
d9567a6a-becf-4311-ab9e-b2c9e2d05805,김준서,Male,50,1974-05-18,인천 부평구 11길 77
c597c1ea-bcca-456c-af6b-803f1b298a77,조연우,Female,10,2014-12-24,서울 강남구 64로 44
0255475b-b19e-4c46-b133-13d89170dc86,최지우,Female,45,1979-12-09,대구 달서구 54로 13
7fb07e80-acf0-4d5d-8d29-734e10565296,정다은,Female,38,1986-09-12,대구 달서구 55로 41
06b88668-97c3-4828-a6b3-6e22526558e3,오지유,Female,48,1976-08-06,부산 해운대구 69길 17
cb46e2c9-9e09-40eb-a472-7d0959aed28c,조지안,Female,29,1995-05-13,부산 수영구 33로 75
5a93416d-ff7c-404b-91d5-84873ae7ac59,김은서,Female,49,1975-10-06,대구 달서구 36길 89
3ed1c59d-af81-4190-abff-f48b2919d462,박하윤,Male,34,1990-03-15,서울 동작구 80길 80
50a89b39-ffc9-4bb8-930c-aaccdefe46c8,김예준,Male,44,1980-08-07,서울 동작구 90길 4
584fde8a-6930-40d2-a143-e1c379fdb425,김건우,Female,45,1979-04-20,대전 중구 20길 76
f84e4859-86c9-453f-ad4c-0e6b2472f117,최서현,Male,41,1983-05-01,인천 부평구 53로 58
838f556f-bc1d-457e-bf30-05282c2b7f12,서연우,Male,15,2009-04-27,대전 중구 85길 26
a56a4d5d-6af9-4833-ab43-d12ef4c226c9,강시우,Male,22,2002-09-01,서울 강남구 55로 57
41c47aea-78a3-4679-9518-f9901b3066e3,강지호,Male,29,1995-03-05,부산 수영구 21길 56
504c33e6-7572-4b8a-832e-e3a3c58c8600,박준서,Female,26,1998-12-29,서울 송파구 32로 65
609f31af-6e93-4da6-879a-77b3cd57f928,김예은,Male,22,2002-07-23,인천 부평구 41길 67
e7f21c73-981e-497c-8ef9-425caea6e285,장현우,Female,14,2010-10-09,서울 동작구 73로 2
78f5f29d-d803-4418-ad62-cc204fbc8746,강소율,Male,44,1980-05-11,대구 달서구 52로 84
cceff849-56cb-4b7d-a13d-8652487dcf11,신준우,Male,26,1998-05-17,서울 강남구 5로 26
7734c5e6-f8ba-4b98-ba05-e7af25460a23,장주원,Female,33,1991-08-24,서울 동작구 53길 65
c8eb82fe-0508-4b5f-8124-00a223104b7c,오지민,Female,24,2000-07-14,서울 강남구 15길 80
da18da59-65cd-4604-8e98-646c73931aa2,임하은,Male,12,2012-02-13,대구 달서구 7길 41
c5eb6ecf-4409-4c7c-af53-908b6f08b307,강서준,Male,47,1977-05-07,대구 달서구 50로 75
3d157ff9-2a26-4902-8da1-68274b67ef0a,신유준,Female,20,2004-09-26,인천 부평구 86로 34
67fb85d7-2e2e-47a7-af0b-3d1d09b5f377,최윤서,Male,23,2001-04-10,대구 달서구 43길 14
42acb831-c901-4dfd-8c3f-0f583d0e98cc,오연우,Female,45,1979-11-18,대구 달서구 35길 87
632e184d-5d24-47c0-bb62-73042f96cf30,서하은,Female,50,1974-09-07,서울 강남구 17길 18
c2486d46-7383-41df-90d6-7e0d012e1b78,임서현,Male,12,2012-09-20,대전 중구 33로 69
7051127d-7d92-4aca-925c-2b679ba75914,권지호,Male,24,2000-11-11,대전 중구 30로 70
833a1e89-5049-45dd-b46c-66fac340eb66,최서진,Female,24,2000-02-15,인천 연수구 33로 47
1d1d56a5-82fc-46a1-9984-1fa15a2adc3c,신지유,Male,49,1975-07-10,대구 달서구 13로 14
4f0b0237-630e-49a4-a3ea-de9182ce2807,최도현,Female,33,1991-06-06,서울 동작구 32로 41
ffc0e602-ba98-4425-ba07-5ef2e69b7500,강지우,Female,43,1981-07-02,대전 중구 31로 14
82e3a899-915a-4aef-bc87-5ee35563f3c8,한채원,Female,34,1990-06-11,인천 부평구 25로 1
8da5dddf-0ed4-4104-8f9a-e079ffcdc6b8,장지유,Male,42,1982-07-03,부산 해운대구 37길 7
e670f502-08a2-4dcb-93e9-675213e8b380,신현우,Female,33,1991-12-15,대구 달서구 48로 16
4cfdba32-87a3-4839-a5ca-f3a948012459,정지안,Male,16,2008-06-28,대구 달서구 16길 65
9bb79522-9f72-4d58-944b-092717bf86b7,윤건우,Female,12,2012-12-20,인천 부평구 46길 79
1e28c0d0-ff73-4a9b-baaa-0589b55669dd,권지우,Female,10,2014-01-19,대전 중구 20로 70
6973f2b4-8fcb-42ec-ad03-5817f325e4a2,오소율,Male,38,1986-12-29,부산 수영구 12길 30
b9aa9c6c-96fd-4106-abd8-b05822b1861e,정하준,Male,26,1998-07-26,부산 해운대구 68길 7
791474a1-ac99-4e76-b749-3d67c28260e5,윤하준,Male,13,2011-07-20,서울 송파구 45로 6
f0e91a38-9180-4b9c-9f2a-0413e09c973f,최건우,Female,11,2013-01-17,부산 수영구 39로 70
d8171733-cdc2-4b08-9e37-e897f62a8967,김지민,Female,53,1971-07-20,인천 부평구 53길 35
325e4a34-39e0-41e2-aef9-b6c1509ead69,정지안,Female,40,1984-01-04,인천 부평구 29길 2
c8aa220b-d83d-400b-92ad-c7168cf1b712,오하윤,Male,24,2000-09-12,부산 수영구 81로 80
e18604b6-6e30-4649-9891-ffe89c51e99e,서지후,Male,34,1990-10-25,대구 달서구 25길 76
278272dd-7902-49f4-9c41-2a8de6c668f3,최지훈,Male,24,2000-01-17,인천 부평구 16길 75
07a2534a-4a85-49f5-b7ea-43755410fbb3,오도현,Male,53,1971-11-25,대전 중구 86길 57
6f3a1003-e001-437f-8189-00748ca918d2,윤선우,Male,14,2010-01-31,대전 중구 8로 73
8747bb43-67f8-460b-9a8a-356cfb370773,오도윤,Female,31,1993-02-26,대전 중구 51로 20
fcb7cdf9-fe59-4761-bf1d-912b7228af28,장지윤,Male,29,1995-08-26,서울 송파구 73로 72
36f98015-e378-4dce-857f-434dca2a446a,권주원,Female,21,2003-04-30,대구 달서구 8로 5